:020000040800F2
:10000000000002202D400008393300083F3300086B
:10001000453300084B33000851330008000000004E
:10002000000000000000000000000000573300083E
:1000300065330008000000007333000881330008B6
:100040007D4000087D4000087D4000087D4000089C
:100050007D4000087D4000087D4000087D4000088C
:100060007D4000087D4000087D4000087D4000087C
:100070007D4000087D4000087D4000087D4000086C
:100080007D4000087D4000087D4000087D4000085C
:100090007D4000087D4000087D4000087D4000084C
:1000A0007D4000087D4000087D4000087D4000083C
:1000B0007D4000087D4000088D3300087D40000829
:1000C0007D4000087D4000087D4000087D4000081C
:1000D0007D400008A1330008B53300087D400008CA
:1000E0007D4000087D4000087D4000087D400008FC
:1000F0007D4000087D4000087D4000087D400008EC
:100100007D4000087D400008C93300087D4000089C
:100110007D4000087D4000087D4000087D400008CB
:100120007D4000087D4000087D4000087D400008BB
:100130007D4000087D4000087D4000087D400008AB
:100140007D4000087D4000087D4000087D4000089B
:100150007D4000087D4000087D4000087D4000088B
:100160007D4000087D4000087D4000087D4000087B
:100170007D4000087D4000087D4000080000000030
:080180007D4000087D400008ED
:1001900010B5054C237833B9044B13B10448AFF3C1
:1001A00000800123237010BDEC020020000000003D
:1001B0008CE6000808B5034B1BB103490348AFF3B5
:1001C000008008BD00000000F00200208CE600085E
:1001D000034613F8012B002AFBD1181A0138704787
:1001E00001F0FF01102A2BDB10F0070F08D010F8E8
:1001F000013B013A8B422DD010F0070F42B3F6D1EC
:10020000F0B441EA012141EA014122F007047FF004
:1002100000070023F0E80256083C85EA010586EA5B
:10022000010685FA47F5A3FA87F586FA47F6A5FA97
:1002300087F68EB9EED1F0BC01F0FF0102F00702A3
:1002400032B110F8013B013A83EA010313B1F8D14E
:100250000020704701387047002D06BF354603382F
:10026000073815F0010F07D1013015F4807F02BF68
:10027000013015F4C03F0130F0BC0138704700BFB9
:1002800081F0004102E000BF83F0004330B54FEA47
:1002900041044FEA430594EA050F08BF90EA020FB4
:1002A0001FBF54EA000C55EA020C7FEA645C7FEA47
:1002B000655C00F0E2804FEA5454D4EB5555B8BF6A
:1002C0006D420CDD2C4480EA020281EA030382EADB
:1002D000000083EA010180EA020281EA0303362D6D
:1002E00088BF30BD11F0004F4FEA01314FF4801C40
:1002F0004CEA113102D0404261EB410113F0004F52
:100300004FEA03334CEA133302D0524263EB430308
:1003100094EA050F00F0A780A4F10104D5F1200EA6
:100320000DDB02FA0EFC22FA05F2801841F1000101
:1003300003FA0EF2801843FA05F359410EE0A5F1D5
:1003400020050EF1200E012A03FA0EFC28BF4CF006
:10035000020C43FA05F3C01851EBE37101F00045BC
:1003600007D54FF0000EDCF1000C7EEB00006EEBC9
:100370000101B1F5801F1BD3B1F5001F0CD3490853
:100380005FEA30004FEA3C0C04F101044FEA4452AA
:1003900012F5800F80F09A80BCF1004F08BF5FEA31
:1003A000500C50F1000041EB045141EA050130BD11
:1003B0005FEA4C0C404141EB0101013C28BFB1F523
:1003C000801FE9D291F0000F04BF01460020B1FA6E
:1003D00081F308BF2033A3F10B03B3F120020CDA41
:1003E0000C3208DD02F1140CC2F10C0201FA0CF01F
:1003F00021FA02F10CE002F11402D8BFC2F1200C84
:1004000001FA02F120FA0CFCDCBF41EA0C01904039
:10041000E41AA2BF01EB0451294330BD6FEA040482
:100420001F3C1CDA0C340EDC04F11404C4F120026D
:1004300020FA04F001FA02F340EA030021FA04F37F
:1004400045EA030130BDC4F10C04C4F1200220FAD6
:1004500002F001FA04F340EA0300294630BD21FA14
:1004600004F0294630BD94F0000F83F4801306BFDA
:1004700081F480110134013D4EE77FEA645C18BFCE
:100480007FEA655C29D094EA050F08BF90EA020F65
:1004900005D054EA000C04BF1946104630BD91EA5D
:1004A000030F1EBF0021002030BD5FEA545C05D160
:1004B0004000494128BF41F0004130BD14F580049F
:1004C0003CBF01F5801130BD01F0004545F0FE4113
:1004D00041F470014FF0000030BD7FEA645C1ABF48
:1004E000194610467FEA655C1CBF0B46024650EA7F
:1004F000013406BF52EA033591EA030F41F40021AB
:1005000030BD00BF90F0000F04BF0021704730B530
:100510004FF4806404F132044FF000054FF0000105
:1005200050E700BF90F0000F04BF0021704730B5C6
:100530004FF4806404F1320410F0004548BF40429B
:100540004FF000013EE700BF42004FEAE2014FEAF0
:1005500031014FEA02701FBF12F07F4393F07F4FCB
:1005600081F06051704732F07F4208BF704793F0CE
:100570007F4F04BF41F40021704730B54FF46074E1
:1005800001F0004521F000411CE700BF50EA0102E4
:1005900008BF704730B54FF000050AE050EA01028D
:1005A00008BF704730B511F0004502D5404261EBFD
:1005B00041014FF4806404F132045FEA915C3FF43E
:1005C000D8AE4FF003025FEADC0C18BF03325FEADB
:1005D000DC0C18BF033202EBDC02C2F1200300FA8C
:1005E00003FC20FA02F001FA03FE40EA0E0021FAB1
:1005F00002F11444BDE600BF70B54FF0FF0C4CF49F
:10060000E06C1CEA11541DBF1CEA135594EA0C0F50
:1006100095EA0C0F00F0DEF82C4481EA030621EA8B
:100620004C5123EA4C5350EA013518BF52EA0335C6
:1006300041F4801143F4801338D0A0FB02CE4FF078
:100640000005E1FB02E506F00042E0FB03E54FF0A8
:100650000006E1FB03569CF0000F18BF4EF0010EA0
:10066000A4F1FF04B6F5007F64F5407404D25FEA9C
:100670004E0E6D4146EB060642EAC62141EA55514F
:100680004FEAC52040EA5E504FEACE2EB4F1FD0C91
:1006900088BFBCF5E06F1ED8BEF1004F08BF5FEA0F
:1006A000500E50F1000041EB045170BD06F00046C1
:1006B00046EA010140EA020081EA0301B4EB5C046E
:1006C000C2BFD4EB0C0541EA045170BD41F4801166
:1006D0004FF0000E013C00F3AB8014F1360FDEBF8B
:1006E000002001F0004170BDC4F10004203C35DA67
:1006F0000C341BDC04F11404C4F1200500FA05F3EA
:1007000020FA04F001FA05F240EA020001F000428A
:1007100021F0004110EBD37021FA04F642EB060100
:100720005EEA430E08BF20EAD37070BDC4F10C042A
:10073000C4F1200500FA04F320FA05F001FA04F2EE
:1007400040EA020001F0004110EBD37041F10001DA
:100750005EEA430E08BF20EAD37070BDC4F12005E5
:1007600000FA05F24EEA020E20FA04F301FA05F24D
:1007700043EA020321FA04F001F0004121FA04F2F5
:1007800020EA020000EBD3705EEA430E08BF20EAC5
:10079000D37070BD94F0000F0FD101F000464000FF
:1007A00041EB010111F4801F08BF013CF7D041EA81
:1007B000060195F0000F18BF704703F00046520085
:1007C00043EB030313F4801F08BF013DF7D043EA56
:1007D0000603704794EA0C0F0CEA135518BF95EA0C
:1007E0000C0F0CD050EA410618BF52EA4306D1D193
:1007F00081EA030101F000414FF0000070BD50EAB2
:10080000410606BF1046194652EA430619D094EA3B
:100810000C0F02D150EA013613D195EA0C0F05D125
:1008200052EA03361CBF104619460AD181EA030179
:1008300001F0004141F0FE4141F470014FF0000031
:1008400070BD41F0FE4141F4780170BD70B54FF0CC
:10085000FF0C4CF4E06C1CEA11541DBF1CEA13554C
:1008600094EA0C0F95EA0C0F00F0A7F8A4EB05042E
:1008700081EA030E52EA03354FEA013100F0888025
:100880004FEA03334FF0805545EA131343EA1263EE
:100890004FEA022245EA111545EA10654FEA0026A3
:1008A0000EF000419D4208BF964244F1FD0404F55C
:1008B000407402D25B084FEA3202B61A65EB0305B8
:1008C0005B084FEA32024FF480104FF4002CB6EB75
:1008D000020E75EB030E22BFB61A754640EA0C00F5
:1008E0005B084FEA3202B6EB020E75EB030E22BF35
:1008F000B61A754640EA5C005B084FEA3202B6EB76
:10090000020E75EB030E22BFB61A754640EA9C0034
:100910005B084FEA3202B6EB020E75EB030E22BF04
:10092000B61A754640EADC0055EA060E18D04FEAC2
:10093000051545EA16754FEA06164FEAC30343EA62
:1009400052734FEAC2025FEA1C1CC0D111F4801F2F
:100950000BD141EA00014FF000004FF0004CB6E728
:1009600011F4801F04BF01430020B4F1FD0C88BFC7
:10097000BCF5E06F3FF6AFAEB5EB030C04BFB6EBD2
:10098000020C5FEA500C50F1000041EB045170BDC5
:100990000EF0004E4EEA113114EB5C04C2BFD4EBF2
:1009A0000C0541EA045170BD41F480114FF0000E76
:1009B000013C90E645EA060E8DE60CEA135594EAF2
:1009C0000C0F08BF95EA0C0F3FF43BAF94EA0C0FF5
:1009D0000AD150EA01347FF434AF95EA0C0F7FF46A
:1009E00025AF104619462CE795EA0C0F06D152EABE
:1009F00003353FF4FDAE1046194622E750EA4106A2
:100A000018BF52EA43067FF4C5AE50EA41047FF4B2
:100A10000DAF52EA43057FF4EBAE12E74FF0FF3C17
:100A200006E000BF4FF0010C02E000BF4FF0010CE8
:100A30004DF804CD4FEA410C7FEA6C5C4FEA430C61
:100A400018BF7FEA6C5C1BD001B050EA410C0CBFB0
:100A500052EA430C91EA030F02BF90EA020F002012
:100A6000704710F1000F91EA030F58BF994208BF79
:100A700090422CBFD8176FEAE37040F00100704736
:100A80004FEA410C7FEA6C5C02D150EA013C07D18D
:100A90004FEA430C7FEA6C5CD6D152EA033CD3D0D8
:100AA0005DF8040B704700BF8446104662468C46D2
:100AB0001946634600E000BF01B5FFF7B7FF002805
:100AC00048BF10F1000F01BD4DF808EDFFF7F4FF2E
:100AD0000CBF012000205DF808FB00BF4DF808EDB9
:100AE000FFF7EAFF34BF012000205DF808FB00BFDC
:100AF0004DF808EDFFF7E0FF94BF012000205DF8FE
:100B000008FB00BF4DF808EDFFF7CEFF94BF0120B2
:100B100000205DF808FB00BF4DF808EDFFF7C4FFAB
:100B200034BF012000205DF808FB00BF4FEA410CF4
:100B30007FEA6C5C02D150EA013C0AD14FEA430CD7
:100B40007FEA6C5C02D152EA033C02D14FF0000014
:100B500070474FF0010070474FEA410212F5001252
:100B600015D211D56FF47873B3EB625212D94FEAF4
:100B7000C12343F0004343EA505311F0004F23FADE
:100B800002F018BF404270474FF00000704750EA33
:100B9000013005D111F0004008BF6FF000407047F0
:100BA0004FF00000704700BF4A0011D212F500124A
:100BB00011D20DD56FF47873B3EB62520ED44FEAB5
:100BC000C12343F0004343EA505323FA02F0704735
:100BD0004FF00000704750EA013002D14FF0FF3073
:100BE00070474FF0000070474FEA4102B2F1E04316
:100BF00024BFB3F5001CDCF1FE5C0DD901F0004C04
:100C00004FEAC0024CEA5070B2F1004F40EB830053
:100C100008BF20F00100704711F0804F21D113F17F
:100C20003872BCBF01F00040704741F480114FEAB8
:100C30005252C2F11802C2F1200C10FA0CF320FA41
:100C400002F018BF40F001004FEAC1234FEAD3235E
:100C500003FA0CFC40EA0C0023FA02F34FEA4303C8
:100C6000CCE77FEA625307D150EA01331EBF4FF051
:100C7000FE4040F44000704701F0004040F0FE406C
:100C800040F40000704700BF53B94AB9002908BFBB
:100C900000281CBF4FF0FF314FF0FF3000F0AAB921
:100CA000ADF1080C6DE904CE00F03CF8DDF804E08D
:100CB000DDE9022304B0704738B500220023044662
:100CC0000D46FFF70BFF28B920462946BDE83840FE
:100CD00000F00AB8204605F1004100F005F8404256
:100CE00061EB410138BD00BFD0B50C4B0022064678
:100CF0000F46FFF781FCFFF757FF0446FFF702FCA2
:100D0000074B0022FFF778FC02460B463046394677
:100D1000FFF7BAFAFFF748FF2146D0BD0000F03DCB
:100D20000000F0412DE9F047089D04468E46002B57
:100D30004DD18A42944669D9B2FA82F252B101FA8F
:100D400002F3C2F1200120FA01F10CFA02FC41EA9F
:100D5000030E94404FEA1C48210CBEFBF8F61FFA24
:100D60008CF708FB16E341EA034306FB07F19942BF
:100D70000AD91CEB030306F1FF3080F01F81994272
:100D800040F21C81023E63445B1AA4B2B3FBF8F04C
:100D900008FB103344EA034400FB07F7A7420AD9D3
:100DA0001CEB040400F1FF3380F00A81A74240F2FB
:100DB00007816444023840EA0640E41B00261DB166
:100DC000D4400023C5E900433146BDE8F0878B429B
:100DD00009D9002D00F0EF800026C5E9000130465A
:100DE0003146BDE8F087B3FA83F6002E4AD18B4234
:100DF00002D3824200F2F980841A61EB03030120DE
:100E00009E46002DE0D0C5E9004EDDE702B9FFDEC9
:100E1000B2FA82F2002A40F09280A1EB0C014FEA74
:100E20001C471FFA8CFE0126200CB1FBF7F307FBD1
:100E3000131140EA01410EFB03F0884208D91CEB74
:100E4000010103F1FF3802D2884200F2CB80434611
:100E5000091AA4B2B1FBF7F007FB101144EA0144F0
:100E60000EFB00FEA64508D91CEB040400F1FF317F
:100E700002D2A64500F2BB800846A4EB0E0440EA6D
:100E800003409CE7C6F12007B34022FA07FC4CEA76
:100E9000030C20FA07F401FA06F31C43F9404FEA69
:100EA0001C4900FA06F3B1FBF9F8200C1FFA8CFE7E
:100EB00009FB181140EA014108FB0EF0884202FAD2
:100EC00006F20BD91CEB010108F1FF3A80F0888093
:100ED000884240F28580A8F102086144091AA4B250
:100EE000B1FBF9F009FB101144EA014100FB0EFED1
:100EF0008E4508D91CEB010100F1FF346CD28E4500
:100F00006AD90238614440EA0840A0FB0294A1EB90
:100F10000E01A142C846A64656D353D05DB1B3EBED
:100F2000080261EB0E0101FA07F722FA06F3F1401D
:100F30001F43C5E9007100263146BDE8F087C2F1C4
:100F40002003D8400CFA02FC21FA03F3914001433C
:100F50004FEA1C471FFA8CFEB3FBF7F007FB103675
:100F60000B0C43EA064300FB0EF69E4204FA02F421
:100F700008D91CEB030300F1FF382FD29E422DD974
:100F8000023863449B1B89B2B3FBF7F607FB1633A9
:100F900041EA034106FB0EF38B4208D91CEB010129
:100FA00006F1FF3816D28B4214D9023E6144C91AA9
:100FB00046EA004638E72E46284605E70646E3E6B9
:100FC0001846F8E64B45A9D2B9EB020864EB0C0EC3
:100FD0000138A3E74646EAE7204694E74046D1E7D2
:100FE000D0467BE7023B614432E7304609E7644480
:100FF000023842E7704700BF80B584B000AF3B467F
:1010000000221A605A609A60DA60214B214A1A6005
:101010001F4B4FF480325A601D4B00229A601C4BCC
:1010200000221A611A4B00221A76194B002283F80B
:101030002020174B0022DA62154B174A9A62144B94
:101040000022DA60124B0122DA61114B002283F890
:1010500030200F4B01225A610D4803F0A7F80346D8
:10106000002B01D000F000FF05233B6001237B60D3
:101070000023BB603B461946054803F0DBF80346F6
:10108000002B01D000F0F0FE00BF1037BD4680BD40
:1010900008030020002001400100000F80B58AB045
:1010A00000AF786007F1140300221A605A609A605A
:1010B000DA601A617B681B68174A934227D10023C4
:1010C0003B61164B5B6C154A43F480735364134BBE
:1010D0005B6C03F480733B613B690023FB600F4B47
:1010E0001B6B0E4A43F0010313630C4B1B6B03F0A5
:1010F0000103FB60FB6820237B610323BB610023AA
:10110000FB6107F114031946054803F07DFF00BF9A
:101110002837BD4680BD00BF002001400038024096
:101120000000024080B500AF1F4B204A1A60204BE0
:1011300000221A701E4B80225A701D4BE1229A70B9
:101140001B4B0022DA701A4B00221A71184B002236
:101150005A71154B164A5A60134B4FF400029A60AD
:10116000114B144ADA60104B134A1A610E4B40F2CD
:10117000F4525A610C4803F01FFC0346002B01D0C7
:1011800000F072FE382200210C4808F09BFB0B4B4C
:1011900021221A60094B4FF440025A61074B00228A
:1011A0001A6100BF80BD00BFC8040020008002405B
:1011B00078050020F0030020500300209004002058
:1011C00080B58EB000AF786007F1240300221A606A
:1011D0005A609A60DA601A617B681B68464A9342DB
:1011E00040F0858000233B62444B1B6B434A43F035
:1011F00000731363414B1B6B03F000733B623B6A4C
:101200000023FB613D4B1B6B3C4A43F0806313633F
:101210003A4B1B6B03F08063FB61FB690023BB61EE
:10122000364B1B6B354A43F000631363334B1B6B28
:1012300003F00063BB61BB6900237B612F4B1B6B19
:101240002E4A43F0040313632C4B1B6B03F004037F
:101250007B617B6900233B61284B1B6B274A43F072
:1012600001031363254B1B6B03F001033B613B69D7
:101270000023FB60214B1B6B204A43F002031363E6
:101280001E4B1B6B03F00203FB60FB6832237B6287
:101290000223BB620023FB6203233B630B237B63BC
:1012A00007F124031946164803F0AEFE86237B623D
:1012B0000223BB620023FB6203233B630B237B639C
:1012C00007F1240319460F4803F09EFE4FF46053C4
:1012D0007B620223BB620023FB6203233B630B237D
:1012E0007B6307F124031946074803F08DFE00BF16
:1012F0003837BD4680BD00BF008002400038024044
:1013000000080240000002400004024080B58CB09A
:1013100000AF07F11C0300221A605A609A60DA607D
:101320001A610023BB61634B1B6B624A43F01003DD
:101330001363604B1B6B03F01003BB61BB6900239D
:101340007B615C4B1B6B5B4A43F080031363594B1F
:101350001B6B03F080037B617B6900233B61554B72
:101360001B6B544A43F004031363524B1B6B03F093
:1013700004033B613B690023FB604E4B1B6B4D4AF2
:1013800043F0010313634B4B1B6B03F00103FB6042
:10139000FB680023BB60474B1B6B464A43F00203CC
:1013A0001363444B1B6B03F00203BB60BB68002359
:1013B0007B60404B1B6B3F4A43F0080313633D4B7C
:1013C0001B6B03F008037B607B6800224FF69B7168
:1013D000394803F0B5FF00224FF40161374803F0AC
:1013E000AFFF00224CF20301354803F0A9FF0022B1
:1013F00043F61B71334803F0A3FF4FF69B73FB6169
:1014000001233B6200237B620023BB6207F11C03C4
:101410001946294803F0F8FD1023FB6101233B62C4
:1014200002237B620023BB6207F11C031946234899
:1014300003F0EAFD4CF20303FB6101233B6200234E
:101440007B620023BB6207F11C0319461C4803F0B2
:10145000DBFD43F61B73FB6101233B6200237B62D0
:101460000023BB6207F11C031946164803F0CCFDAC
:101470004FF44043FB614FF488133B6200237B62CF
:1014800007F11C0319460F4803F0BEFD4FF400633B
:10149000FB6101233B6200237B620023BB6207F1F7
:1014A0001C031946054803F0AFFD00BF3037BD46A9
:1014B00080BD00BF00380240001002400000024022
:1014C00000040240000C024080B500AF124B134AEA
:1014D0001A60114B124A5A600F4B00229A600E4B51
:1014E0000022DA600C4B4FF480421A610A4B002252
:1014F0005A61094B00229A61074B0022DA61064BC0
:1015000000221A62044803F035FF0346002B01D085
:1015100000F0AAFC00BF80BD800500200054004000
:10152000A086010080B500AF124B134A1A60114B20
:10153000124A5A600F4B00229A600E4B0022DA606A
:101540000C4B4FF480421A610A4B00225A61094B3E
:1015500000229A61074B0022DA61064B00221A62D0
:10156000044803F007FF0346002B01D000F07CFC89
:1015700000BF80BDD4050020005C0040A0860100B3
:1015800080B58CB000AF786007F11C0300221A60B0
:101590005A609A60DA601A617B681B68424A93421B
:1015A0002CD10023BB61414B1B6B404A43F002032B
:1015B00013633E4B1B6B03F00203BB61BB69C0238B
:1015C000FB6112233B6200237B620323BB62042383
:1015D000FB6207F11C031946354803F015FD002393
:1015E0007B61324B1B6C314A43F4001313642F4B65
:1015F0001B6C03F400137B617B6950E07B681B6804
:101600002C4A93424BD100233B61284B1B6B274A4A
:1016100043F004031363254B1B6B03F004033B618E
:101620003B690023FB60214B1B6B204A43F0010305
:1016300013631E4B1B6B03F00103FB60FB684FF44D
:101640000073FB6112233B6200237B620323BB62B6
:101650000423FB6207F11C031946174803F0D4FC6E
:101660004FF48073FB6112233B6200237B620323F0
:10167000BB620423FB6207F11C0319460F4803F009
:10168000C3FC0023BB60094B1B6C084A43F40003F6
:101690001364064B1B6C03F40003BB60BB6800BF04
:1016A0003037BD4680BD00BF0054004000380240C6
:1016B00000040240005C00400008024000000240BC
:1016C000B0B58AB004AF78600121786800F024FAE0
:1016D0007B6818680A23009301233D223C2103F014
:1016E0008DFF7B6818680A2302930623019307F194
:1016F0000C030093012303223C2104F077F93B7B88
:101700001B021AB27B7B1BB213431BB207EE903A4B
:10171000F8EEE77A7B68C3ED257A3B7C1B021AB2B0
:101720007B7C1BB213431BB207EE903AF8EEE77ACC
:101730007B68C3ED267ABB7B1B021AB2FB7B1BB214
:1017400013431BB207EE903AF8EEE77A7B68C3EDDD
:10175000277A7B68D3F894301846FEF7F5FE0446E6
:101760000D467B68D3F898301846FEF7EDFE02462A
:101770000B4643EC112B45EC104B0CF00DFD51ECDE
:10178000100B38A3D3E90023FEF780FD02460B4679
:1017900010461946FFF728FA03467B61D7ED057A14
:1017A0009FED2F7A67EE877A17EE900AFEF7CCFE50
:1017B00029A3D3E90023FFF749F802460B46104658
:1017C0001946FFF7C9F903461AB27B68A3F8A020AF
:1017D0007B68B3F9A030002B0ADA7B68B3F9A0303C
:1017E0009BB203F5B4739BB21AB27B68A3F8A02036
:1017F0007B68B3F9A030B3F5B47F0ADD7B68B3F939
:10180000A0309BB2A3F5B4739BB21AB27B68A3F865
:10181000A0207B68B3F9A0309AB27B68B3F9A230FC
:101820009BB2D31A9BB21AB27B68A3F8A0207B6844
:10183000B3F9A030002B0ADA7B68B3F9A0309BB271
:1018400003F5B4739BB21AB27B68A3F8A02000BF63
:101850001837BD46B0BD00BF182D4454FB210940C8
:1018600000003443CB10C7BAB88DB63F80B586B000
:1018700004AF78600021786800F04EF97B68186842
:101880000A230293062301933E4B009301233B223C
:10189000D02104F0ABF83B4B1B781B021AB2394B3A
:1018A0005B781BB213431AB27B68A3F87A20354BDE
:1018B0009B781B021AB2334BDB781BB213431AB26C
:1018C0007B68A3F87C202F4B1B791B021AB22D4B8F
:1018D0005B791BB213431AB27B68A3F87E207B6846
:1018E000B3F97A30002B00DA0F331B111AB27B6880
:1018F000A3F87A207B68B3F97C30002B00DA0F3331
:101900001B111AB27B68A3F87C207B68B3F97E3088
:101910001D4A82FB03121A44D210DB17D31A1AB2E3
:101920007B68A3F87E207B68B3F97A309AB27B6833
:10193000B3F90A309BB2D31A9BB21AB27B68A3F8F0
:1019400080207B68B3F97C309AB27B68B3F90C30A5
:101950009BB2D31A9BB21AB27B68A3F882207B6831
:10196000B3F97E309AB27B68B3F90E309BB2D31ACA
:101970009BB21AB27B68A3F8842000BF0837BD462B
:1019800080BD00BF2C060020932449920000000077
:1019900080B586B004AF78600021786800F0BCF8AC
:1019A0007B6818680A23029306230193504B009327
:1019B00001234322D02104F019F84D4B1B781B0260
:1019C0001AB24B4B5B781BB213431AB27B68A3F875
:1019D0008620474B9B781B021AB2454BDB781BB223
:1019E00013431AB27B68A3F88820414B1B791B0272
:1019F0001AB23F4B5B791BB213431AB27B68A3F850
:101A00008A207B68B3F986301846FEF78BFD36A333
:101A1000D3E90023FEF71AFF02460B46104619468B
:101A2000FFF79AF803461AB27B68A3F886207B6812
:101A3000B3F988301846FEF775FD2BA3D3E90023D0
:101A4000FEF704FF02460B4610461946FFF784F8DE
:101A500003461AB27B68A3F888207B68B3F98A3002
:101A60001846FEF75FFD20A3D3E90023FEF7EEFE44
:101A700002460B4610461946FFF76EF803461AB2A7
:101A80007B68A3F88A207B68B3F986309AB27B68BA
:101A9000B3F904309BB2D31A9BB21AB27B68A3F895
:101AA0008C207B68B3F988309AB27B68B3F9063032
:101AB0009BB2D31A9BB21AB27B68A3F88E207B68C4
:101AC000B3F98A309AB27B68B3F908309BB2D31A63
:101AD0009BB21AB27B68A3F8902000BF0837BD46BE
:101AE00080BD00BFAFF30080F853E3A59BC4C03FA7
:101AF0002C06002080B582B000AF786000217868A5
:101B000000F00AF87868FFF7B1FE7868FFF740FF49
:101B100000BF0837BD4680BD80B586B004AF786091
:101B20000B46FB701A4B00221A707B6818680A2358
:101B3000029301230193164B009301236A22D021C3
:101B400003F05AFEFB785B00DAB2114B1A707B6827
:101B500018680A230293012301930D4B009301237C
:101B60003722D02103F048FE094B00221A707B680F
:101B700018680A23029301230193054B0093012364
:101B80006B22D02103F038FE00BF0837BD4680BD70
:101B90002806002080B582B000AF7860391D4FF66E
:101BA000FF730122034806F02AFE7B6818460837B7
:101BB000BD4680BD500F0020F0B58FB00EAF02F0D3
:101BC0005FFA00F0B5F8FFF7A1FBFFF715FAFFF792
:101BD000A9FAFFF779FCFFF7A5FC01F07BFA01F009
:101BE000AFFA01F023FD01F075FD01F0C7FD01F032
:101BF0008FFE01F039FF02F037F902F05FF901F0D2
:101C0000C5FC01F037FE00213A4805F0EDFA042149
:101C1000384805F0E9FA3C21374805F0A2FC3C21A0
:101C2000364805F09EFC364805F0C5F9344805F005
:101C300011FA344803F09EFB01224FF480613248D0
:101C400003F07EFB0121314800F06AFB304800F0D0
:101C500098F93049304800F063FD3049304800F0D1
:101C60005FFD00224FF48061274803F069FB284B99
:101C70000022A3F86420264B0022A3F86620294BFB
:101C80001B78012BFBD1214B214A2749244800F026
:101C9000D1FD1E4B1E4A24491F4800F0CBFD1B4BB3
:101CA0006422A3F85420194B6422A3F852209623EF
:101CB00096221749154800F0A9FB144B93F93D30C3
:101CC000124A92F93C20194E0D920C936D4606F182
:101CD00010040FCC0FC50FCC0FC594E80F0085E89A
:101CE0000F0096E80F0000F01FF90E4B00221A704B
:101CF000C5E700BFC00E0020E80D0020A00D0020A9
:101D0000780E0020D4050020000C0240340600208C
:101D100000000020500F002098090020940F0020A0
:101D20008C0600203206002068000020C0E6000873
:101D300080B594B000AF07F120033022002118468F
:101D400007F0C0FD07F10C0300221A605A609A6088
:101D5000DA601A610023BB60284B1B6C274A43F0F2
:101D600080531364254B1B6C03F08053BB60BB682E
:101D700000237B60224B1B68214A43F4804313609D
:101D80001F4B1B6803F480437B607B6801233B622D
:101D90004FF480337B620223BB634FF48003FB6309
:101DA00019233B644FF4A8737B640223BB640423B0
:101DB000FB6407F12003184604F01CFC0346002BCB
:101DC00001D000F051F80F23FB6002233B61002398
:101DD0007B614FF4A053BB614FF48053FB6107F16B
:101DE0000C030521184604F07DFE0346002B01D0AC
:101DF00000F03AF800BF5037BD4680BD00380240C1
:101E00000070004080B582B000AF7860094B1B685D
:101E10007A689A4204D0084B1B687A689A4205D1C6
:101E2000044800F0A7FC044800F0A4FC00BF0837F9
:101E3000BD4680BD8C0600209809002080B483B088
:101E400000AF78607B68064A934202D1054B0122BD
:101E50001A7000BF0C37BD465DF8047B704700BFA9
:101E6000780E00203206002080B400AF72B600BFAA
:101E7000FEE7000084B080B582B000AF07F1100C1F
:101E80008CE80F0097F92C30DB115BB2DBB203F06A
:101E90000103002B14BF01230023FB7197F92C30A1
:101EA000002BB8BF5B42DBB287F82C30BB6A97F9D6
:101EB0002C2002FB03F31B4AA2FB03235B093B60BC
:101EC0003869B98AFB7983F00103DBB21A4603F063
:101ED00037FABB69B98BFA79184603F031FA7B6A95
:101EE000002B04D13B6A1B683A685A6313E07B6A93
:101EF000042B04D13B6A1B683A689A630BE07B6A47
:101F0000082B04D13B6A1B683A68DA6303E03B6A3A
:101F10001B683A681A6400BF0837BD46BDE88040B8
:101F200004B070471F85EB5184B090B585B004AF05
:101F300007F1100484E80F0097F9503003936C46C2
:101F400007F13C0393E8070084E8070007F12C033E
:101F50000FCBFFF78FFF97F9543003936C4607F1CF
:101F6000200393E8070084E8070007F110030FCB74
:101F7000FFF780FF00BF0437BD46BDE8904004B0C6
:101F8000704780B483B000AF78607B681B681B68C3
:101F900000225A627B681B691B6800225A627B68B8
:101FA00000229A817B6800229A837B680022DA8172
:101FB0007B680022DA8300BF0C37BD465DF8047BE6
:101FC00070470000000000002DE9B04388B000AF6A
:101FD00078604FF000037B614FF000033B617B684A
:101FE0001B681B685B6A9AB27B689A817B681B6975
:101FF0001B685B6A9AB27B689A837B681B681B6864
:102000001B6803F01003102B0CBF01230023DBB26D
:10201000FB737B681B691B681B6803F01003102BA4
:102020000CBF01230023DBB2BB73FB7B002B23D14E
:102030007B689B891A467B68DB89D31A002B0ADBF5
:102040007B689A897B68DB89D31A9BB21AB27B685A
:10205000A3F860200DE07B689A887B68DB89D31A3F
:102060009AB27B689B8913449BB21AB27B68A3F82F
:1020700060200123FB6123E07B68DB891A467B68D3
:102080009B89D31A002B0ADB7B68DA897B689B89E2
:10209000D31A9BB21AB27B68A3F860200DE07B686C
:1020A0009A887B689B89D31A9AB27B68DB89134430
:1020B0009BB21AB27B68A3F860204FF0FF33FB613C
:1020C000BB7B002B24D17B689B8B1A467B68DB8B08
:1020D000D31A002B0ADB7B689A8B7B68DB8BD31AC5
:1020E0009BB21AB27B68A3F862200DE07B689A8AE3
:1020F0007B68DB8BD31A9AB27B689B8B13449BB2B1
:102100001AB27B68A3F862204FF0FF33BB6122E074
:102110007B68DB8B1A467B689B8BD31A002B0ADB10
:102120007B68DA8B7B689B8BD31A9BB21AB27B6875
:10213000A3F862200DE07B689A8A7B689B8BD31A98
:102140009AB27B68DB8B13449BB21AB27B68A3F80C
:1021500062200123BB617B68B3F96030082B03DC8C
:102160007B680022A3F860207B68B3F96230082BFB
:1021700003DC7B680022A3F862207869FEF7E4F9AB
:1021800004460D467B68B3F960301A46FB6902FBD2
:1021900003F31846FEF7C6F9804689467B689B6DB7
:1021A0001846FEF7D1F95CA3D3E90023FEF724FA21
:1021B00002460B4640464946FEF71EFA02460B46CB
:1021C000904699467B689B881846FEF7ABF9024615
:1021D0000B4640464946FEF739FB02460B46204671
:1021E0002946FEF753F802460B4610461946FEF7FD
:1021F000FBFC03467B613869FEF7A6F904460D46F1
:102200007B68B3F962301A46BB6902FB03F31846D8
:10221000FEF788F9804689467B689B6D1846FEF775
:1022200093F93DA3D3E90023FEF7E6F902460B46F6
:1022300040464946FEF7E0F902460B46904699466D
:102240007B689B8A1846FEF76DF902460B464046AE
:102250004946FEF7FBFA02460B4620462946FEF7A2
:1022600015F802460B4610461946FEF7BDFC03461C
:102270003B61D7ED057AFDEEE77A17EE903A1AB298
:102280007B68A3F86420D7ED047AFDEEE77A17EEB9
:10229000903A1AB27B68A3F866207B68B3F9603085
:1022A0001A46FB6902FB03F307EE903AB8EEE77AB1
:1022B0007B68D3ED027A67EE277AFDEEE77A17EEB8
:1022C000903A1AB27B68A3F860207B68B3F9623059
:1022D0001A46BB6902FB03F307EE903AB8EEE77AC1
:1022E0007B68D3ED067A67EE277AFDEEE77A17EE84
:1022F000903A1AB27B68A3F862207B689A897B685F
:10230000DA817B689A8B7B68DA8300BF2037BD4611
:10231000BDE8B083AFF30080182D4454FB21194071
:1023200080B483B000AF78600B46FB707B68334AA3
:102330001A607B68324A9A607B68324A1A617B680D
:102340004FF07E525A607B682D4ADA607B682E4AD5
:102350005A617B682B4A9A617B6800221A777B68F6
:1023600064225A777B684FF000021A627B684FF054
:1023700000025A627B684FF000029A627B684FF05D
:102380000002DA627B6800221A867B6800225A8685
:102390007B684FF000025A637B684FF000029A633B
:1023A0007B684FF000029A647B684FF00002DA64A9
:1023B0007B684FF000021A647B684FF000025A6499
:1023C0007B68002283F83C207B68002283F83D2054
:1023D0007B680022A3F852207B680022A3F85420D7
:1023E0007B68002283F850207B68FA7883F83E20CF
:1023F00000BF0C37BD465DF8047B70479A99993F42
:10240000000040400AD7233CCDCC4C3D80B586B07F
:1024100000AFF860B96011461A460B46FB801346C0
:10242000BB80B868FFF7D0FDBB68B3F86230FB82B1
:10243000BB68B3F86030BB82B7F90430002BCCBF67
:1024400001230023DBB21A46BB88DB0BDBB2D31AB5
:10245000DBB2FB74B7F90630002BCCBF012300239D
:10246000DBB21A46FB88DB0BDBB2D31ADBB2BB74E0
:10247000B7F90420B7F91430D21A13469B0013445D
:102480001A01D31AA54A82FB03121A44D211DB1790
:10249000D31A07EE903AF8EEE77AFB68C3ED127AAA
:1024A000B7F90620B7F91630D21A13469B00134429
:1024B0001A01D31A994A82FB03121A44D211DB176C
:1024C000D31A07EE903AF8EEE77AFB68C3ED137A79
:1024D000FB6893ED087AFB68D3ED066AFB6893ED21
:1024E000026AFB68D3ED125AFB68D3ED0D7A75EEE4
:1024F000A77A66EE277A66EEA77A77EE277AFB68E8
:10250000C3ED087AFB6893ED097AFB68D3ED066AA0
:10251000FB6893ED036AFB68D3ED135AFB68D3EDB8
:102520000E7A75EEA77A66EE277A66EEA77A77EED0
:10253000277AFB68C3ED097AFB684FF000029A62C4
:10254000FB684FF00002DA62FB6893ED007AFB68EB
:10255000D3ED127A27EE277AFB68D3ED087A37EEAF
:10256000277AFB68D3ED0A7A77EE277AFDEEE77AD1
:10257000C7ED007A3B785AB2FB6883F83C20FB68D1
:1025800093ED017AFB68D3ED137A27EE277AFB6887
:10259000D3ED097A37EE277AFB68D3ED0B7A77EE25
:1025A000277AFDEEE77AC7ED007A3B785AB2FB68EE
:1025B00083F83D20FB6893F83E30012B49D1FB683E
:1025C00093F93C30642B04DCFB681A6AFB681A64DC
:1025D0001AE0FB6893ED007AFB68D3ED127A27EEE0
:1025E000277AFB68D3ED107A37EE277AFB68D3EDB4
:1025F0000A7A77EE277AFDEEE77AC7ED007A3B7824
:102600005AB2FB6883F83C20FB6893F93D30642B99
:1026100004DCFB685A6AFB685A641AE0FB6893EDB5
:10262000017AFB68D3ED137A27EE277AFB68D3EDA6
:10263000117A37EE277AFB68D3ED0B7A77EE277A9B
:10264000FDEEE77AC7ED007A3B785AB2FB6883F873
:102650003D20FB6893F93C20FB6893F91D309A42BA
:1026600006DDFB6893F91D20FB6883F83C200DE034
:10267000FB6893F93C20FB6893F91C309A4205DA19
:10268000FB6893F91C20FB6883F83C20FB6893F9F6
:102690003D20FB6893F91D309A4206DDFB6893F9F3
:1026A0001D20FB6883F83D200DE0FB6893F93D2079
:1026B000FB6893F91C309A4205DAFB6893F91C20F9
:1026C000FB6883F83D20FB6893F93C30DAB2FB7C71
:1026D00012FB03F3DBB25AB2FB6883F83C20FB68C1
:1026E00093F93D30DAB2BB7C12FB03F3DBB25AB292
:1026F000FB6883F83D20FB68BA8A1A86FB689A6CEF
:10270000FB685A63FB68FA8A5A86FB68DA6CFB68D6
:102710009A6300BF1837BD4680BD00BF6DDA4F9683
:1027200080B582B000AF786039607B683A681A6023
:102730007B6805221A717B68FF225A717B68002230
:1027400083F804237B680022DA717B6800221A7206
:10275000786800F054FC7B6818687B6803F10E0110
:102760007B681B799BB21A4606F0DBF800BF08377E
:10277000BD4680BD80B584B000AF78607B68DB79F2
:10278000002B47D17B68DB7BFE2B3ED10023FB7304
:102790007B685A7C7B681B7C1344DBB2DB43FB7396
:1027A0007B689B7CFA7B9A4224D17B685B7C9BB2E2
:1027B0001B029AB27B681B7C9BB21343BB81BB8913
:1027C00003339AB27B685A81BB8908339AB27B681B
:1027D0009A817B6818687B681B7908337A68134490
:1027E000991D7B685B891A4606F09BF87B6801227D
:1027F0001A7206E07B68022283F804237B680022B9
:102800001A727B680122DA710FE07B68012283F87B
:1028100004230AE07B6818687B6803F10E017B687B
:102820001B799BB21A4606F07CF800BF1037BD46F4
:1028300080BD000080B590B000AFF860B9607A60EC
:102840003B60FB68DB79002B69D0FB681B7A002BAF
:1028500062D0FB689B89013BFA6813449B7B002B89
:102860005AD0FB6803F20D10FB681B790833FA6835
:102870001344991DFB685B891A4607F015F800237D
:1028800087F83F30002387F837300023BB630DE023
:10289000FA68BB6B134403F20D131A7897F83F30B4
:1028A000134487F83F30BB6B0133BB63FB685B8924
:1028B0001A46BB6B9342EBDB97F83F30DB4387F85C
:1028C0003730FB685B891A46FB68134493F80D3177
:1028D00097F837209A4218D1FB6801229A713B6819
:1028E0007A68B968F86800F083F8FB680E33FF2255
:1028F0000021184606F0E6FFFB6803F20D13F822EC
:102900000021184606F0DEFF03E0FB68032283F88F
:102910000423FB6800221A72FB680022DA71FB684C
:1029200093F80433012B1AD1F86800F068FB2D4AA4
:1029300007F1240392E8030083E8030007F12C0366
:1029400007F1240292E8030083E80300FB6818689B
:1029500007F12C010123082205F051FF3EE0FB683E
:1029600093F80433022B1AD1F86800F048FB1E4A92
:1029700007F11C0392E8030083E8030007F12C032E
:1029800007F11C0292E8030083E80300FB68186863
:1029900007F12C010123082205F031FF1EE0FB683E
:1029A00093F80433032B19D1F86800F028FB0F4A81
:1029B00007F1140392E8030083E8030007F12C03F6
:1029C00007F1140292E8030083E80300FB6818682B
:1029D00007F12C010123082205F011FF00BF403749
:1029E000BD4680BDA8E60008B0E60008B8E60008CD
:1029F00080B586B000AFF860B9607A603B60FB6874
:102A000093F80D31FB75FB7D002B03D1F86800F0C6
:102A100029F823E0FB7D012B05D1BA687968F868B5
:102A200000F035F81AE0FB7D022B04D13968F86814
:102A300000F050F912E0FB7D032B04D13968F868EF
:102A400000F0E4F90AE0FB7D042B04D13968F86852
:102A500000F0C6FA02E0FB6800229A7100BF183746
:102A6000BD4680BD80B582B000AF78607B681868D5
:102A70007B6803F10E017B689A890A2305F0BFFE8B
:102A80007B6800229A7100BF0837BD4680BD80B5C3
:102A900086B000AFF860B9607A607868FFF72AF80E
:102AA0007868FEF70DFEB868FFF78EFAFB68FF2224
:102AB00083F80522FB68FE2283F80622FB681A22AF
:102AC00083F80722FB68002283F80822FB68E522CE
:102AD00083F80922FB68012283F80A22FB6800229E
:102AE00083F80B22BB68B3F962301B121BB2DAB257
:102AF000FB6883F80C22BB68B3F96230DAB2FB687A
:102B000083F80D22BB68B3F960301B121BB2DAB236
:102B1000FB6883F80E22BB68B3F96030DAB2FB6859
:102B200083F80F22BB68B3F966301B121BB2DAB20E
:102B3000FB6883F81022BB68B3F96630DAB2FB6831
:102B400083F81122BB68B3F964301B121BB2DAB2EE
:102B5000FB6883F81222BB68B3F96430DAB2FB6811
:102B600083F813227B68B3F980301B121BB2DAB2F0
:102B7000FB6883F814227B68B3F98030DAB2FB6813
:102B800083F815227B68B3F982301B121BB2DAB2CC
:102B9000FB6883F816227B68B3F98230DAB2FB68EF
:102BA00083F817227B68B3F984301B121BB2DAB2A8
:102BB000FB6883F818227B68B3F98430DAB2FB68CB
:102BC00083F819227B68B3F98C301B121BB2DAB27E
:102BD000FB6883F81A227B68B3F98C30DAB2FB68A1
:102BE00083F81B227B68B3F98E301B121BB2DAB25A
:102BF000FB6883F81C227B68B3F98E30DAB2FB687D
:102C000083F81D227B68B3F990301B121BB2DAB235
:102C1000FB6883F81E227B68B3F99030DAB2FB6858
:102C200083F81F227B68B3F974301B121BB2DAB22F
:102C3000FB6883F820227B68B3F97430DAB2FB6852
:102C400083F821227B68B3F976301B121BB2DAB20B
:102C5000FB6883F822227B68B3F97630DAB2FB682E
:102C600083F823227B68B3F9A0301B121BB2DAB2BF
:102C7000FB6883F824227B68B3F9A030DAB2FB68E2
:102C800083F825220023FB7500233B610BE03B69A1
:102C90000533FA68134493F80522FB7D1344FB7552
:102CA0003B6901333B613B691B2BF0DDFB68FA7D1F
:102CB00083F82622FB681868FB6803F205210A23C3
:102CC000222205F09CFDFB6800229A7100BF183794
:102CD000BD4680BD80B582B000AF786039607B684A
:102CE00093F80E31002B3CD17B6893F80F311A46D4
:102CF0007B6893F810311B02134307EE903AB8EE4D
:102D0000E77ADFED416AC7EE267A3B68C3ED007AC9
:102D10007B6893F811311A467B6893F812311B02D5
:102D2000134307EE903AB8EEE77ADFED376AC7EE65
:102D3000267A3B68C3ED027A7B6893F813311A4612
:102D40007B6893F814311B02134307EE903AB8EEF8
:102D5000E77ADFED2D6AC7EE267A3B68C3ED047A89
:102D600040E07B6893F80E31012B3BD17B6893F8F0
:102D70000F311A467B6893F810311B02134307EE9C
:102D8000903AB8EEE77ADFED206AC7EE267A3B6824
:102D9000C3ED017A7B6893F811311A467B6893F88A
:102DA00012311B02134307EE903AB8EEE77ADFEDDB
:102DB000166AC7EE267A3B68C3ED037A7B6893F800
:102DC00013311A467B6893F814311B02134307EE44
:102DD000903AB8EEE77ADFED0C6AC7EE267A3B68E8
:102DE000C3ED057A7B6818687B6803F10E017B6888
:102DF0009A890A2305F003FD7B6800229A7100BFBF
:102E00000837BD4680BD00BF0000C84280B586B00F
:102E100000AF786039607B68FF2283F805227B6809
:102E2000FE2283F806227B68032283F807227B6850
:102E3000002283F808227B68FC2283F809227B6841
:102E4000032283F80A227B6893F80E31002B4CD1C1
:102E50007B68002283F80B223B68D3ED007A9FED5C
:102E60005F7A67EE877AFCEEE77A17EE903AFB819D
:102E7000FB89DAB27B6883F80C22FB891B0A9BB2C0
:102E8000DAB27B6883F80D223B68D3ED027A9FEDBE
:102E9000537A67EE877AFCEEE77A17EE903AFB8179
:102EA000FB89DAB27B6883F80E22FB891B0A9BB28E
:102EB000DAB27B6883F80F223B68D3ED047A9FED8A
:102EC000477A67EE877AFCEEE77A17EE903AFB8155
:102ED000FB89DAB27B6883F81022FB891B0A9BB25C
:102EE000DAB27B6883F8112250E07B6893F80E31E8
:102EF000012B4BD17B68012283F80B223B68D3ED79
:102F0000017A9FED367A67EE877AFCEEE77A17EE64
:102F1000903AFB81FB89DAB27B6883F80C22FB894B
:102F20001B0A9BB2DAB27B6883F80D223B68D3EDB3
:102F3000037A9FED2A7A67EE877AFCEEE77A17EE3E
:102F4000903AFB81FB89DAB27B6883F80E22FB8919
:102F50001B0A9BB2DAB27B6883F80F223B68D3ED81
:102F6000057A9FED1E7A67EE877AFCEEE77A17EE18
:102F7000903AFB81FB89DAB27B6883F81022FB89E7
:102F80001B0A9BB2DAB27B6883F811220023FB751F
:102F900000233B610BE03B6905337A68134493F8E7
:102FA0000522FB7D1344FB753B6901333B613B69A3
:102FB000072BF0DD7B68FA7D83F812227B681868A6
:102FC0007B6803F205210A230E2205F018FC7B68BA
:102FD00000229A7100BF1837BD4680BD0000C8426C
:102FE00080B485B000AF786039600023FB81002396
:102FF000BB8100BF1437BD465DF8047B704780B5C8
:1030000088B000AF78607B681B681B681B6803F0A2
:103010002003202B06D17B681B681B685B68DBB232
:10302000FB77FB7F7B681B681B681B6803F0200332
:10303000202BE8D00023BB617B681B681B681B68E2
:10304000BB617B681B681B685B68BB61BB69002355
:103050007B617B681B681B681B687B617B681B68E6
:103060001B685B687B617B6900233B617B681B6835
:103070001B681B683B617B681B681B685B683B6166
:103080003B690023FB607B681B681B681B68FB6057
:103090007B681B681B685B68FB60FB687B681B6860
:1030A000202283F83E207B681B6800221A647B681C
:1030B00018687B6803F10E017B681B799BB21A4686
:1030C00005F02FFC7B68002283F8042300BF203723
:1030D000BD4680BD80B500AF174B184A1A60164B2D
:1030E0004FF482725A60144B00229A60124B0022F5
:1030F000DA60114B00221A610F4B00225A610E4B0D
:103100004FF400729A610C4B0022DA610A4B0022E4
:103110001A62094B00225A62074B00229A62064B40
:103120000A22DA62044803F0BDFE0346002B01D0F8
:10313000FEF79AFE00BF80BDA40C002000380040BE
:1031400080B500AF174B184A1A60164B4FF48272C5
:103150005A60144B00229A60124B0022DA60114B25
:1031600000221A610F4B00225A610E4B4FF400727D
:103170009A610C4B0022DA610A4B00221A62094B59
:1031800000225A62074B00229A62064B0A22DA6238
:10319000044803F087FE0346002B01D0FEF764FECF
:1031A00000BF80BDFC0C0020003C004080B58CB00E
:1031B00000AF786007F11C0300221A605A609A6021
:1031C000DA601A617B681B68424A93424BD1002344
:1031D000BB61414B1B6C404A43F4804313643E4B3C
:1031E0001B6C03F48043BB61BB6900237B613A4BDA
:1031F0001B6B394A43F004031363374B1B6B03F01B
:1032000004037B617B6900233B61334B1B6B324AB8
:1032100043F002031363304B1B6B03F002033B616B
:103220003B690C23FB6102233B6200237B62032387
:10323000BB620523FB6207F11C031946274801F016
:10324000E3FE4FF48063FB6102233B6200237B6259
:103250000323BB620523FB6207F11C0319462048C8
:1032600001F0D2FE31E07B681B681E4A93422CD1EC
:103270000023FB60184B1B6C174A43F40043136494
:10328000154B1B6C03F40043FB60FB680023BB6021
:10329000114B1B6B104A43F0040313630E4B1B6B63
:1032A00003F00403BB60BB684FF4E053FB610223EF
:1032B0003B6200237B620323BB620623FB6207F1B0
:1032C0001C031946054801F09FFE00BF3037BD467C
:1032D00080BD00BF003800400038024000080240B6
:1032E00000040240003C004080B483B000AF0023E3
:1032F0007B60104B5B6C0F4A43F4804353640D4B6F
:103300005B6C03F480437B607B6800233B60094B6C
:103310001B6C084A43F080531364064B1B6C03F08C
:1033200080533B603B6800BF0C37BD465DF8047BB3
:10333000704700BF0038024080B400AFFEE780B4A1
:1033400000AFFEE780B400AFFEE780B400AFFEE759
:1033500080B400AFFEE780B400AF00BFBD465DF8AB
:10336000047B704780B400AF00BFBD465DF8047BAE
:10337000704780B400AF00BFBD465DF8047B704766
:1033800080B500AF00F0CEFE00BF80BD80B500AFBD
:10339000024804F074F900BF80BD00BF300E002069
:1033A00080B500AF024805F0EDFA00BF80BD00BF58
:1033B000500F002080B500AF024805F0E3FA00BFCF
:1033C00080BD00BF940F002080B500AF024804F01C
:1033D00056F900BF80BD00BF780E002080B400AF5A
:1033E00001231846BD465DF8047B704780B582B066
:1033F00000AF7860396006F02DFA034616221A6095
:103400004FF0FF3318460837BD4680BD80B582B007
:1034100000AF78604FF0FF317868FFF7E7FFFEE715
:1034200080B586B000AFF860B9607A6000237B6138
:103430000AE0AFF300800146BB685A1CBA60CAB20A
:103440001A707B6901337B617A697B689A42F0DB91
:103450007B6818461837BD4680BD80B586B000AF82
:10346000F860B9607A6000237B6109E0BB685A1C90
:10347000BA601B781846FEF78DFB7B6901337B61D0
:103480007A697B689A42F1DB7B6818461837BD463B
:1034900080BD80B483B000AF78604FF0FF33184632
:1034A0000C37BD465DF8047B704780B483B000AF35
:1034B000786039603B684FF400525A600023184628
:1034C0000C37BD465DF8047B704780B483B000AF15
:1034D0007860012318460C37BD465DF8047B7047C1
:1034E00080B485B000AFF860B9607A6000231846F8
:1034F0001437BD465DF8047B7047000080B586B088
:1035000000AF7860144A154BD31A7B617B693B612D
:10351000134B1B68002B02D1114B124A1A60104B3F
:103520001A687B6813443A699A4207D206F092F906
:1035300003460C221A604FF0FF3309E0084B1B686A
:10354000FB60074B1A687B681344054A1360FB68ED
:1035500018461837BD4680BD000002200004000058
:10356000540D0020F00F002080B400AF064BD3F8BC
:103570008830054A43F47003C2F8883000BFBD4666
:103580005DF8047B704700BF00ED00E080B586B0B9
:1035900000AF07F1080300221A605A609A60DA60EF
:1035A0003B4600221A605A601E4B1F4A1A601D4B90
:1035B000A7225A601B4B00229A601A4B4FF6FF72EB
:1035C000DA60184B00221A61164B00225A61154B23
:1035D00000229A61134803F0EEFC0346002B01D051
:1035E000FEF742FC4FF48053BB6007F10803194615
:1035F0000C4804F0ABFA0346002B01D0FEF734FC74
:1036000000233B6000237B603B461946054804F0DD
:10361000C7FF0346002B01D0FEF726FC00BF18377A
:10362000BD4680BD580D00200000014080B58CB023
:1036300000AF07F10C0324220021184606F042F9DE
:103640003B1D00221A605A60214B4FF080421A60E5
:103650001F4B00225A601E4B00229A601C4B4BF6F7
:103660004072DA601A4B00221A61194B80229A616B
:103670000323FB6000233B6101237B610023BB61CB
:103680000A23FB6100233B6201237B620023BB62B0
:103690000A23FB6207F10C0319460D4803F0BBFE39
:1036A0000346002B01D0FEF7DFFB00237B600023E5
:1036B000BB603B1D1946064804F072FF0346002B11
:1036C00001D0FEF7D1FB00BF3037BD4680BD00BF43
:1036D000A00D002080B58CB000AF07F10C032422B0
:1036E0000021184606F0EEF83B1D00221A605A60D1
:1036F000204B214A1A601F4B00225A601D4B0022AA
:103700009A601C4B4BF64072DA601A4B00221A6129
:10371000184B80229A610323FB6000233B61012345
:103720007B610023BB610A23FB6100233B62012311
:103730007B620023BB620A23FB6207F10C0319467C
:103740000C4803F068FE0346002B01D0FEF78CFB0B
:1037500000237B600023BB603B1D1946054804F035
:103760001FFF0346002B01D0FEF77EFB00BF303762
:10377000BD4680BDE80D00200004004080B58AB041
:1037800000AF07F1180300221A605A609A60DA60ED
:1037900007F1100300221A605A603B4600221A60AB
:1037A0005A609A60DA60314B314A1A602F4B00221E
:1037B0005A602E4B00229A602C4B4FF6FF72DA6053
:1037C0002A4B00221A61294B00229A61274803F0F4
:1037D000F2FB0346002B01D0FEF746FB4FF480536B
:1037E000BB6107F118031946204804F0AFF90346FE
:1037F000002B01D0FEF738FB1C4803F0BDFD03464B
:10380000002B01D0FEF730FB00233B6100237B61DE
:1038100007F110031946154804F0C2FE0346002BB9
:1038200001D0FEF721FB00233B6001237B600023D6
:10383000BB600023FB603B46082219460B4804F09E
:1038400026F80346002B01D0FEF70EFB3B460C2268
:103850001946064804F01BF80346002B01D0FEF77A
:1038600003FB00BF2837BD4680BD00BF300E0020DF
:103870000008004080B586B000AF07F108030022C1
:103880001A605A609A60DA603B4600221A605A60F9
:103890001D4B1E4A1A601C4B42F210725A601A4BA2
:1038A00000229A60184B5322DA60174B00221A61EB
:1038B000154B00229A61144803F07DFB0346002B50
:1038C00001D0FEF7D1FA4FF48053BB6007F1080333
:1038D00019460D4804F03AF90346002B01D0FEF7D3
:1038E000C3FA00233B6000237B603B461946064831
:1038F00004F056FE0346002B01D0FEF7B5FA00BFD8
:103900001837BD4680BD00BF780E0020000C004077
:1039100080B596B000AF07F1480300221A605A60E4
:103920009A60DA6007F1400300221A605A6007F1DA
:10393000240300221A605A609A60DA601A615A61A0
:103940009A613B1D20220021184605F0BBFF444B25
:10395000444A1A60424B07225A60414B00229A6047
:103960003F4B4FF47A72DA603D4B00221A613C4BB8
:1039700000225A613A4B80229A61394803F01BFBBE
:103980000346002B01D0FEF76FFA4FF48053BB645F
:1039900007F148031946324804F0D8F80346002BD3
:1039A00001D0FEF761FA2E4803F0C4FB0346002B5A
:1039B00001D0FEF759FA00233B6400237B6407F132
:1039C00040031946264804F0EBFD0346002B01D0C6
:1039D000FEF74AFA60237B620023BB620023FB628E
:1039E00000233B6300237B630023BB630023FB6353
:1039F00007F1240300221946194803F0E5FF0346A6
:103A0000002B01D0FEF730FA07F1240304221946F7
:103A1000134803F0D9FF0346002B01D0FEF724FA28
:103A200000237B600023BB600023FB6000233B611D
:103A300000237B614FF40053BB6100233B623B1DBD
:103A40001946074804F028FE0346002B01D0FEF774
:103A50000BFA034800F0CEF900BF5837BD4680BDD1
:103A6000C00E00200004014080B584B000AF3B468A
:103A700000221A605A609A60DA601E4B1E4A1A6071
:103A80001C4B00225A601B4B00229A60194B4FF6C8
:103A9000FF72DA60174B00221A61164B00229A61FE
:103AA000144803F069FC0346002B01D0FEF7DCF953
:103AB00000233B6001237B600023BB600023FB608D
:103AC0003B46002219460B4803F0E1FE0346002B5B
:103AD00001D0FEF7C9F93B4604221946054803F018
:103AE000D6FE0346002B01D0FEF7BEF900BF10370B
:103AF000BD4680BD080F00200040014080B58CB05D
:103B000000AF786007F11C0300221A605A609A60C7
:103B1000DA601A617B681B683F4A93420ED100232A
:103B2000BB613E4B5B6C3D4A43F0010353643B4B2E
:103B30005B6C03F00103BB61BB6969E07B681B68D8
:103B4000374A934235D100237B61344B1B6C334A97
:103B500043F004031364314B1B6C03F004037B61DB
:103B60007B6900233B612D4B1B6B2C4A43F0020306
:103B700013632A4B1B6B03F002033B613B694FF459
:103B80004073FB6102233B6200237B620023BB6224
:103B90000223FB6207F11C031946224801F034FAA4
:103BA000002200211E2000F03EFE1E2000F057FEE5
:103BB0002EE07B681B681C4A934216D10023FB60F1
:103BC000164B1B6C154A43F008031364134B1B6C14
:103BD00003F00803FB60FB6800220021322000F0A4
:103BE00022FE322000F03BFE12E07B681B680F4A89
:103BF00093420DD10023BB60084B5B6C074A43F036
:103C000002035364054B5B6C03F00203BB60BB68AB
:103C100000BF3037BD4680BD000001400038024083
:103C20000008004000040240000C00400004014075
:103C300080B58CB000AF786007F11C0300221A60D9
:103C40005A609A60DA601A617B681B68B3F1804F32
:103C50004BD10023BB613F4B1B6C3E4A43F0010339
:103C600013643C4B1B6C03F00103BB61BB69002375
:103C70007B61384B1B6B374A43F001031363354BB1
:103C80001B6B03F001037B617B6900233B61314BBC
:103C90001B6B304A43F0020313632E4B1B6B03F084
:103CA00002033B613B694FF40043FB6102233B622B
:103CB00000237B620023BB620123FB6207F11C032C
:103CC0001946254801F0A0F90823FB6102233B6255
:103CD00000237B620023BB620123FB6207F11C030C
:103CE00019461E4801F090F930E07B681B681C4AB9
:103CF00093422BD10023FB60164B1B6C154A43F0FB
:103D000002031364134B1B6C03F00203FB60FB689C
:103D10000023BB600F4B1B6B0E4A43F0020313637F
:103D20000C4B1B6B03F00203BB60BB683023FB61D1
:103D300002233B6200237B620023BB620223FB62FF
:103D400007F11C031946054801F05EF900BF303742
:103D5000BD4680BD00380240000002400004024021
:103D60000004004080B58AB000AF786007F114030A
:103D700000221A605A609A60DA601A617B681B68D8
:103D8000194A93422BD100233B61184B5B6C174AB5
:103D900043F480335364154B5B6C03F480333B6115
:103DA0003B690023FB60114B1B6B104A43F010036F
:103DB00013630E4B1B6B03F01003FB60FB68602367
:103DC0007B610223BB610023FB6100233B62032371
:103DD0007B6207F114031946054801F015F900BF8D
:103DE0002837BD4680BD00BF00400140003802407A
:103DF0000010024080B588B000AF786007F10C0376
:103E000000221A605A609A60DA601A617B681B6847
:103E1000124A93421DD10023BB60114B1B6B104A09
:103E200043F0040313630E4B1B6B03F00403BB60EE
:103E3000BB68C023FB6002233B6100237B6100233E
:103E4000BB610323FB6107F10C031946054801F030
:103E5000DBF800BF2037BD4680BD00BF0004014035
:103E6000003802400008024080B500AF114B124AF2
:103E70001A60104B4FF4E1325A600E4B00229A60E8
:103E80000C4B0022DA600B4B00221A61094B0C220A
:103E90005A61084B00229A61064B0022DA610548FC
:103EA00004F060FC0346002B01D0FDF7DDFF00BFEE
:103EB00080BD00BF500F00200010014080B500AF52
:103EC000114B124A1A60104B4FF4E1325A600E4BFC
:103ED00000229A600C4B0022DA600B4B00221A6120
:103EE000094B0C225A61084B00229A61064B0022B2
:103EF000DA61054804F036FC0346002B01D0FDF7DB
:103F0000B3FF00BF80BD00BF940F002000440040FD
:103F100080B58CB000AF786007F11C0300221A60F6
:103F20005A609A60DA601A617B681B683A4A934269
:103F300035D10023BB61394B5B6C384A43F0100329
:103F40005364364B5B6C03F01003BB61BB69002309
:103F50007B61324B1B6B314A43F0010313632F4BE0
:103F60001B6B03F001037B617B694FF4C063FB6152
:103F700002233B6200237B620323BB620723FB62B5
:103F800007F11C031946264801F03EF800220221E1
:103F9000252000F048FC252000F061FC38E07B681B
:103FA0001B68204A934233D100233B611B4B1B6C9F
:103FB0001A4A43F400331364184B1B6C03F40033A8
:103FC0003B613B690023FB60144B1B6B134A43F0BE
:103FD00008031363114B1B6B03F00803FB60FB68C2
:103FE0006023FB6102233B6200237B620323BB62ED
:103FF0000723FB6207F11C0319460B4801F004F884
:1040000000220121262000F00EFC262000F027FCD3
:1040100000BF3037BD4680BD00100140003802406F
:104020000000024000440040000C0240DFF834D0A1
:104030000D480E490E4A002302E0D458C450043300
:10404000C4188C42F9D30B4A0B4C002301E01360D7
:104050000432A242FBD3FFF787FA05F001FCFDF71B
:10406000ABFD70470000022000000020EC020020A1
:1040700040EC0008EC020020EC0F0020FEE70000FE
:1040800080B500AF0E4B1B680D4A43F400731360FC
:104090000B4B1B680A4A43F480631360084B1B6890
:1040A000074A43F480731360032000F0B1FB0F2034
:1040B00000F008F8FFF718F90023184680BD00BF8C
:1040C000003C024080B582B000AF7860124B1A68A5
:1040D000124B1B7819464FF47A73B3FBF1F3B2FB22
:1040E000F3F3184600F0C9FB0346002B01D001236F
:1040F0000EE07B680F2B0AD8002279684FF0FF3062
:1041000000F091FB064A7B681360002300E0012366
:1041100018460837BD4680BD0C0100201401002060
:104120001001002080B400AF064B1B781A46064BE6
:104130001B681344044A136000BFBD465DF8047B4E
:10414000704700BF14010020D80F002080B400AFDA
:10415000034B1B681846BD465DF8047B704700BFE3
:10416000D80F002080B584B000AF7860FFF7EEFF75
:10417000B8607B68FB60FB68B3F1FF3F05D00A4B7A
:104180001B781A46FB681344FB6000BFFFF7DEFF95
:104190000246BB68D31AFA689A42F7D800BF00BF3C
:1041A0001037BD4680BD00BF1401002080B584B02B
:1041B00000AF78600023FB737B68002B01D10123E3
:1041C00033E07B681B6C002B09D17868FCF766FF35
:1041D0007B6800225A647B68002283F83C207B685D
:1041E0001B6C03F01003002B18D17B681B6C23F4AD
:1041F000885323F0020343F002027B681A64786854
:1042000000F03AF97B6800225A647B681B6C23F04B
:10421000030343F001027B681A6401E00123FB738E
:104220007B68002283F83C20FB7B18461037BD4694
:1042300080BD000080B485B000AF78603960002395
:10424000BB607B6893F83C30012B01D1022305E170
:104250007B68012283F83C203B681B68092B25D929
:104260007B681B68D9683B681B689BB21A4613467B
:104270005B0013441E3B072202FA03F3DA437B6818
:104280001B680A40DA607B681B68D9683B689A68DB
:104290003B681B689BB2184603465B0003441E3B09
:1042A0009A407B681B680A43DA6022E07B681B68DF
:1042B00019693B681B689BB21A4613465B0013449E
:1042C000072202FA03F3DA437B681B680A401A618B
:1042D0007B681B6819693B689A683B681B689BB2DE
:1042E000184603465B0003449A407B681B680A43F8
:1042F0001A613B685B68062B24D87B681B68596B86
:104300003B685A6813469B001344053B1F2202FA80
:1043100003F3DA437B681B680A405A637B681B68B7
:10432000596B3B681B689BB218463B685A6813463A
:104330009B001344053B00FA03F27B681B680A43A9
:104340005A634CE03B685B680C2B24D87B681B6885
:10435000196B3B685A6813469B001344233B1F228A
:1043600002FA03F3DA437B681B680A401A637B682E
:104370001B68196B3B681B689BB218463B685A6800
:1043800013469B001344233B00FA03F27B681B682F
:104390000A431A6323E07B681B68D96A3B685A6842
:1043A00013469B001344413B1F2202FA03F3DA43F6
:1043B0007B681B680A40DA627B681B68D96A3B68C5
:1043C0001B689BB218463B685A6813469B0013440F
:1043D000413B00FA03F27B681B680A43DA62224B16
:1043E000FB607B681B68214A934209D13B681B68CC
:1043F000122B05D1FB685B6843F48002FB685A60AE
:104400007B681B68194A934223D13B681B68102BB9
:1044100003D03B681B68112B1BD1FB685B6843F41E
:104420000002FB685A603B681B68102B11D1104BCF
:104430001B68104AA2FB03239A0C13469B001344EB
:104440005B00BB6002E0BB68013BBB60BB68002B4C
:10445000F9D17B68002283F83C20002318461437EA
:10446000BD465DF8047B70470023014000200140F9
:104470000C01002083DE1B4380B485B000AF786060
:10448000794BFB60FB685B6823F44032FB685A6041
:10449000FB685A687B685B681A43FB685A607B68F4
:1044A0001B685A687B681B6822F480725A607B68BC
:1044B0001B6859687B681B691A027B681B680A4382
:1044C0005A607B681B685A687B681B6822F04072E0
:1044D0005A607B681B6859687B689A687B681B68B0
:1044E0000A435A607B681B689A687B681B6822F4E1
:1044F00000629A607B681B6899687B68DA687B68F1
:104500001B680A439A607B689B6A584A934222D090
:104510007B681B689A687B681B6822F070629A60EF
:104520007B681B6899687B689A6A7B681B680A438A
:104530009A607B681B689A687B681B6822F040520F
:104540009A607B681B6899687B68DA6A7B681B687D
:104550000A439A600FE07B681B689A687B681B6857
:1045600022F070629A607B681B689A687B681B689F
:1045700022F040529A607B681B689A687B681B68CF
:1045800022F002029A607B681B6899687B681B7E38
:104590005A007B681B680A439A607B6893F8203056
:1045A000002B1BD07B681B685A687B681B6842F431
:1045B00000625A607B681B685A687B681B6822F43B
:1045C00060425A607B681B6859687B685B6A013B84
:1045D0005A037B681B680A435A6007E07B681B68C4
:1045E0005A687B681B6822F400625A607B681B680B
:1045F000DA6A7B681B6822F47002DA627B681B68E7
:10460000D96A7B68DB69013B1A057B681B680A4332
:10461000DA627B681B689A687B681B6822F4007208
:104620009A607B681B6899687B6893F830305A02FF
:104630007B681B680A439A607B681B689A687B6882
:104640001B6822F480629A607B681B6899687B68AB
:104650005B699A027B681B680A439A6000BF143743
:10466000BD465DF8047B7047002301400100000F48
:1046700080B485B000AF78607B6803F00703FB600F
:104680000C4BDB68BB60BA684FF6FF031340BB609E
:10469000FB681A02BB68134343F0BF6343F4003363
:1046A000BB60044ABB68D36000BF1437BD465DF8E9
:1046B000047B704700ED00E080B400AF044BDB6882
:1046C0001B0A03F007031846BD465DF8047B7047DC
:1046D00000ED00E080B483B000AF0346FB7197F9B2
:1046E0000730002B0BDBFB7903F01F02074997F91A
:1046F00007305B09012000FA02F241F8232000BFD5
:104700000C37BD465DF8047B704700BF00E100E058
:1047100080B483B000AF03463960FB7197F907306E
:10472000002B0ADB3B68DAB20C4997F9073012011B
:10473000D2B20B4483F800230AE03B68DAB208499E
:10474000FB7903F00F03043B1201D2B20B441A763B
:1047500000BF0C37BD465DF8047B704700E100E008
:1047600000ED00E080B489B000AFF860B9607A6015
:10477000FB6803F00703FB61FB69C3F10703042B2C
:1047800028BF0423BB61FB690433062B02D9FB69F4
:10479000033B00E000237B614FF0FF32BB6902FA6C
:1047A00003F3DA43BB681A407B699A404FF0FF314C
:1047B0007B6901FA03F3D9437B680B401343184626
:1047C0002437BD465DF8047B7047000080B582B099
:1047D00000AF78607B68013BB3F1807F01D3012398
:1047E0000FE00A4A7B68013B53600F214FF0FF3016
:1047F000FFF78EFF054B00229A60044B07221A60D8
:10480000002318460837BD4680BD00BF10E000E019
:1048100080B582B000AF78607868FFF729FF00BFED
:104820000837BD4680BD80B586B000AF0346B9608D
:104830007A60FB7300237B61FFF73EFF78617A6843
:10484000B9687869FFF78EFF024697F90F30114675
:104850001846FFF75DFF00BF1837BD4680BD80B525
:1048600082B000AF0346FB7197F907301846FFF797
:1048700031FF00BF0837BD4680BD80B582B000AFB4
:1048800078607868FFF7A2FF034618460837BD46F0
:1048900080BD80B584B000AF78607B689B6DFB60A5
:1048A000FFF754FCB8607B6893F83530DBB2022B1D
:1048B00008D07B6880225A657B68002283F8342008
:1048C000012352E07B681B681A687B681B6822F032
:1048D00016021A607B681B685A697B681B6822F0A5
:1048E00080025A617B681B6C002B03D17B689B6C38
:1048F000002B07D07B681B681A687B681B6822F056
:1049000008021A607B681B681A687B681B6822F0C3
:1049100001021A6013E0FFF719FC0246BB68D31AC4
:10492000052B0CD97B6820225A657B68032283F80B
:1049300035207B68002283F83420032315E07B6850
:104940001B681B6803F00103002BE4D17B68DB6D5F
:104950003F229A40FB689A607B68012283F83520E9
:104960007B68002283F83420002318461037BD46A8
:1049700080BD80B483B000AF78607B6893F8353039
:10498000DBB2022B04D07B6880225A6501230CE045
:104990007B68052283F835207B681B681A687B6872
:1049A0001B6822F001021A60002318460C37BD462E
:1049B0005DF8047B7047000080B584B000AF78607C
:1049C0007B68002B01D101236CE07B68D3F8843035
:1049D000002B06D17B682322C3F884207868FCF77B
:1049E000EFFB0023BB60314B5B6C304A43F48043E8
:1049F00053642E4B5B6C03F48043BB60BB682C4B51
:104A00005B682B4A23F400035360294B5A687B6888
:104A10009B68274913434B60254B5B687B681B6889
:104A200003F580531B687A68126843F0010302F5AE
:104A300080521360FFF78AFBF86011E0FFF786FBF6
:104A40000246FB68D31AB3F5FA7F09D97B680422C2
:104A5000C3F888207B68E022C3F88420012321E08A
:104A60007B681B6803F580531B6803F00103002B70
:104A7000E4D1786800F058F9786800F0FFF97868B8
:104A800000F055FA7B685B681A460021786800F0F0
:104A9000BDF97B680022C3F888207B681022C3F828
:104AA0008420002318461037BD4680BD00380240E0
:104AB0000038014080B584B000AF786039607B6811
:104AC0001B681B68FB60FA68514B1340FB603B6836
:104AD0001B7C002B02D14FF4000200E000223B6857
:104AE0005B7C002B02D14FF4800300E000231A43CB
:104AF0003B689B681A433B68DB7F1B041A433B6897
:104B00005B6913433A68927F002A02D14FF4005246
:104B100000E000221A433B681B7F1B031A433B68DB
:104B20009B691A433B681B799B0213433A6892F8CE
:104B30002020002A02D14FF4007200E000221A4324
:104B40003B68DB7BDB011A433B685B6A1A433B68CB
:104B500093F828301B011343FA681343FB607B680A
:104B60001B68FA681A607B681B681B68FB60012081
:104B7000FFF7F8FA7B681B68FA681A607B681B68A5
:104B80009B69FB60FA684FF641731340FB603B681A
:104B90009B6C1B043A6892F84C20002A01D18022B9
:104BA00000E000221A433B681B6D13433A6892F8F9
:104BB0005520012A01D1082200E0002213433A685F
:104BC00092F85620012A01D1042200E0002213436A
:104BD0003A6892F85420012A01D1022200E0002212
:104BE0001343FA681343FB607B681B68FA689A6199
:104BF0007B681B689B69FB600120FFF7B3FA7B6849
:104C00001B68FA689A6100BF1037BD4680BD00BFBF
:104C10000F8120FF80B584B000AF786039607B6879
:104C20001B6803F580539B69FB60FA683D4B13409A
:104C3000FB603B681B7B002B02D14FF0806200E0E1
:104C400000223B685B7B5B0613433A68527F002A75
:104C500002D14FF4801200E000221A433B689B7B94
:104C60005B051A433B685B691A433B681B7FDB01AA
:104C70001A433B689B7F9B011A433B681B6A1A439C
:104C80003B6893F824309B001343FA681343FB609E
:104C90007B681B6803F580531A46FB6893617B6849
:104CA0001B6803F580539B69FB600120FFF75AFAEC
:104CB0007B681B6803F580531A46FB6893613B6869
:104CC0001B795A063B689B681A433B689B691A43E9
:104CD0003B681B691A433B6893F82530DB011A4394
:104CE0003B689B6A9B001A433B681B6813437A68C6
:104CF000126843F4000302F5805213607B681B685E
:104D000003F580531B68FB600120FFF72BFA7B68DB
:104D10001B6803F580531A46FB68136000BF103709
:104D2000BD4680BD233FDEF880B5A6B000AF7860F9
:104D3000012387F84430012387F845300023FB63C3
:104D4000002387F85330012387F85230002387F877
:104D50005030012387F83830002387F8543000237F
:104D600087F843300023BB65002387F85C300023BD
:104D7000FB67002387F880300023C7F884300023C6
:104D800087F88A30002387F888304FF48043BB646B
:104D90004FF40063FB64002387F8893007F1340384
:104DA00019467868FFF786FE01233B7501237B7562
:104DB000012387F825300123BB750023FB61002305
:104DC00087F82430002387F826300023BB620123B4
:104DD00087F82C3001233B734FF480333B614FF451
:104DE00080033B624FF40053BB61012387F82D30F1
:104DF00000233B630023BB6007F108031946786872
:104E0000FFF708FF00BF9837BD4680BD80B487B06C
:104E100000AFF860B9607A607B6805331B781B02CD
:104E20007A680432127813437B61BA68114B1344D9
:104E30001A467B6913607B6803331B781A067B680C
:104E400002331B781B041A437B6801331B781B0257
:104E500013437A68127813437B61BA68064B134494
:104E60001A467B69136000BF1C37BD465DF8047BA2
:104E7000704700BF408002404480024080B485B04B
:104E800000AF78600023FB603EE07B68D968FA6879
:104E900013469B001344DB000B44BB60BB6800223D
:104EA0001A60BB6800225A60BB6800229A60BB6827
:104EB0000022DA60B9687B68FA68063243F822108B
:104EC000BB681B6843F48012BB681A60FB68022B46
:104ED0000CD87B68D968FB685A1C13469B001344A6
:104EE000DB000B441A46BB68DA6004E07B68DB68D1
:104EF0001A46BB68DA60BB681B6843F44002BB68B3
:104F00001A60FB680133FB60FB68032BBDD97B682B
:104F100000229A627B68DA687B681B6803F580531D
:104F20001A6100BF1437BD465DF8047B704780B43A
:104F300085B000AF78600023FB6046E07B681969AC
:104F4000FA6813469B001344DB000B44BB60BB684C
:104F500000221A60BB6800225A60BB6800229A6077
:104F6000BB680022DA60BB6800221A62BB680022BC
:104F70005A62BB684FF000421A60BB6844F2F852B4
:104F80005A60BB685B6823F00042BB685A60B9682E
:104F90007B68FA68123243F82210FB68022B0CD8A7
:104FA0007B681969FB685A1C13469B001344DB009D
:104FB0000B441A46BB68DA6004E07B681B691A463A
:104FC000BB68DA60FB680133FB60FB68032BB5D973
:104FD0007B680022DA657B6800221A667B68002203
:104FE0009A667B680022DA667B6800229A657B6895
:104FF0001A697B681B6803F58053DA6000BF1437B9
:10500000BD465DF8047B704780B489B000AF78601E
:10501000396000237B6100233B610023BB610023D7
:10502000FB616BE10122FB6902FA03F37B613B68E0
:105030001B687A6913403B613A697B699A4240F088
:105040005A813B685B6803F00303012B05D03B6882
:105050005B6803F00303022B30D17B689B68BB6164
:10506000FB695B00032202FA03F3DB43BA691340D6
:10507000BB613B68DA68FB695B0002FA03F3BA695B
:105080001343BB617B68BA699A607B685B68BB61EC
:105090000122FB6902FA03F3DB43BA691340BB61E7
:1050A0003B685B681B0903F00102FB6902FA03F32A
:1050B000BA691343BB617B68BA695A603B685B6835
:1050C00003F00303032B17D07B68DB68BB61FB692C
:1050D0005B00032202FA03F3DB43BA691340BB61AE
:1050E0003B689A68FB695B0002FA03F3BA691343F1
:1050F000BB617B68BA69DA603B685B6803F00303F5
:10510000022B23D1FB69DA087B68083253F822307E
:10511000BB61FB6903F007039B000F2202FA03F354
:10512000DB43BA691340BB613B681A69FB6903F052
:1051300007039B0002FA03F3BA691343BB61FB69DF
:10514000DA087B680832B96943F822107B681B686B
:10515000BB61FB695B00032202FA03F3DB43BA691C
:105160001340BB613B685B6803F00302FB695B00B3
:1051700002FA03F3BA691343BB617B68BA691A6028
:105180003B685B6803F44033002B00F0B4800023DD
:10519000FB60604B5B6C5F4A43F4804353645D4B40
:1051A0005B6C03F48043FB60FB685B4AFB699B0814
:1051B000023352F82330BB61FB6903F003039B0009
:1051C0000F2202FA03F3DB43BA691340BB617B6829
:1051D000524A93422BD07B68514A934225D07B6838
:1051E000504A93421FD07B684F4A934219D07B6844
:1051F0004E4A934213D07B684D4A93420DD07B6850
:105200004C4A934207D07B684B4A934201D1072313
:105210000EE008230CE006230AE0052308E004233F
:1052200006E0032304E0022302E0012300E0002360
:10523000FA6902F0030292009340BA691343BB611A
:105240003549FB699B080233BA6941F823203B4B7F
:105250009B68BB613B69DB43BA691340BB613B6838
:105260005B6803F48013002B03D0BA693B691343D6
:10527000BB61324ABB699360304BDB68BB613B6901
:10528000DB43BA691340BB613B685B6803F40013FE
:10529000002B03D0BA693B691343BB61274ABB6942
:1052A000D360264B5B68BB613B69DB43BA69134043
:1052B000BB613B685B6803F40033002B03D0BA6921
:1052C0003B691343BB611D4ABB6953601B4B1B68A1
:1052D000BB613B69DB43BA691340BB613B685B68F8
:1052E00003F48033002B03D0BA693B691343BB61DD
:1052F000124ABB691360FB690133FB61FB690F2B29
:105300007FF690AE00BF00BF2437BD465DF8047B3A
:10531000704700BF003802400038014000000240E2
:105320000004024000080240000C0240001002404D
:105330000014024000180240001C0240003C0140E2
:1053400080B483B000AF78600B467B8013467B70DF
:105350007B78002B03D07A887B689A6103E07B8896
:105360001A047B689A6100BF0C37BD465DF8047B68
:105370007047000080B584B000AF78607B68002B78
:1053800001D101232BE17B6893F83D30DBB2002B88
:1053900006D17B68002283F83C207868FCF7F0F89F
:1053A0007B68242283F83D207B681B681A687B6831
:1053B0001B6822F001021A607B681B681A687B6810
:1053C0001B6842F400421A607B681B681A687B689D
:1053D0001B6822F400421A6001F03CFDF8607B6813
:1053E0005B68814A934207D8FB68804A934294BF26
:1053F00001230023DBB206E0FB687D4A934294BFA1
:1054000001230023DBB2002B01D00123E7E0FB687E
:10541000784AA2FB03239B0CBB607B681B685B681C
:1054200023F03F017B681B68BA680A435A607B68B7
:105430001B681B6A23F03F017B685B686A4A9342E2
:1054400002D8BB68013309E0BB684FF4967202FBD7
:1054500003F3694AA2FB03239B0901337A681268AC
:105460000B4313627B681B68DB6923F44F4222F015
:10547000FF027B685B685C498B4219D8FB68591E48
:105480007B685B685B00B1FBF3F3591C40F6FC736F
:105490000B40002B0AD0FB68591E7B685B685B00E1
:1054A000B1FBF3F30133C3F30B0351E004234FE0EB
:1054B0007B689B68002B11D1FB68581E7B6859687C
:1054C0000B465B000B44B0FBF3F30133C3F30B0358
:1054D000002B0CBF01230023DBB212E0FB68581E37
:1054E0007B6859680B469B000B4499000B44B0FB4A
:1054F000F3F30133C3F30B03002B0CBF0123002391
:10550000DBB2002B01D0012322E07B689B68002BDB
:105510000ED1FB68581E7B6859680B465B000B4434
:10552000B0FBF3F30133C3F30B0343F400430FE089
:10553000FB68581E7B6859680B469B000B4499001A
:105540000B44B0FBF3F30133C3F30B0343F44043C9
:10555000796809681343CB617B681B681B6823F07B
:10556000C0017B68DA697B681B6A1A437B681B6829
:105570000A431A607B681B689B6823F4034323F08B
:10558000FF037A6811697A68D26811437A681268F1
:105590000B4393607B681B68DB6823F0FF017B682B
:1055A0005A697B689B691A437B681B680A43DA6007
:1055B0007B681B681A687B681B6842F001021A60EE
:1055C0007B6800221A647B68202283F83D207B6878
:1055D00000221A637B68002283F83E2000231846CD
:1055E0001037BD4680BD00BFA08601007F841E002D
:1055F000FF083D0083DE1B43D34D621080B588B0A9
:1056000002AFF8607A601A460B467B8113463B81F5
:10561000FEF79CFD7861FB6893F83D30DBB2202BF0
:1056200040F0E0807B690093192301227049F868FB
:1056300000F002FE0346002B01D00223D3E0FB68FA
:1056400093F83C30012B01D10223CCE0FB6801220E
:1056500083F83C20FB681B681B6803F00103012BE7
:1056600007D0FB681B681A68FB681B6842F00102E0
:105670001A60FB681B681A68FB681B6822F40062EA
:105680001A60FB68212283F83D20FB68102283F812
:105690003E20FB6800221A64FB687A685A62FB6845
:1056A0003A895A85FB685B8D9AB2FB681A85FB685C
:1056B000504ADA6279897B693A6AF86800F0BCFB83
:1056C0000346002B01D001238DE000233B61FB68E2
:1056D0001B685B693B61FB681B689B693B613B69BD
:1056E00066E07A69396AF86800F07CFE0346002BB0
:1056F0000DD0FB681B6C042B07D1FB681B681A6874
:10570000FB681B6842F400721A6001236BE0FB68BF
:105710005B6A1A78FB681B681A61FB685B6A5A1C33
:10572000FB685A62FB685B8D9BB2013B9AB2FB68D7
:105730005A85FB681B8D013B9AB2FB681A85FB6892
:105740001B685B6903F00403042B1BD1FB681B8DF2
:10575000002B17D0FB685B6A1A78FB681B681A611C
:10576000FB685B6A5A1CFB685A62FB685B8D9BB2E4
:10577000013B9AB2FB685A85FB681B8D013B9AB2CC
:10578000FB681A857A69396AF86800F06CFE03468E
:10579000002B0DD0FB681B6C042B07D1FB681B682A
:1057A0001A68FB681B6842F400721A6001231AE051
:1057B000FB681B8D002B94D1FB681B681A68FB6883
:1057C0001B6842F400721A60FB68202283F83D20B7
:1057D000FB68002283F83E20FB68002283F83C200F
:1057E000002300E0022318461837BD4680BD00BFE5
:1057F000020010000000FFFF80B588B002AFF86023
:10580000084611461A4603467B810B463B811346E8
:10581000FB80FEF79BFC7861FB6893F83D30DBB2C0
:10582000202B40F0D9807B690093192301226D4918
:10583000F86800F001FD0346002B01D00223CCE004
:10584000FB6893F83C30012B01D10223C5E0FB68D3
:10585000012283F83C20FB681B681B6803F00103EE
:10586000012B07D0FB681B681A68FB681B6842F0B5
:1058700001021A60FB681B681A68FB681B6822F447
:1058800000621A60FB68212283F83D20FB684022F9
:1058900083F83E20FB6800221A64FB683A6A5A6269
:1058A000FB68BA8C5A85FB685B8D9AB2FB681A85D7
:1058B000FB684D4ADA62F8883A8979897B690193F5
:1058C000BB6A00930346F86800F038FB0346002BE0
:1058D00052D0012381E07A69B96AF86800F082FD4C
:1058E0000346002B0DD0FB681B6C042B07D1FB6813
:1058F0001B681A68FB681B6842F400721A60012377
:105900006BE0FB685B6A1A78FB681B681A61FB68CE
:105910005B6A5A1CFB685A62FB681B8D013B9AB29A
:10592000FB681A85FB685B8D9BB2013B9AB2FB68F2
:105930005A85FB681B685B6903F00403042B1BD1C9
:10594000FB681B8D002B17D0FB685B6A1A78FB681D
:105950001B681A61FB685B6A5A1CFB685A62FB6829
:105960001B8D013B9AB2FB681A85FB685B8D9BB26D
:10597000013B9AB2FB685A85FB681B8D002BAAD1AC
:105980007A69B96AF86800F06EFD0346002B0DD005
:10599000FB681B6C042B07D1FB681B681A68FB684B
:1059A0001B6842F400721A60012316E0FB681B6852
:1059B0001A68FB681B6842F400721A60FB682022B8
:1059C00083F83D20FB68002283F83E20FB6800221C
:1059D00083F83C20002300E0022318461837BD4618
:1059E00080BD00BF020010000000FFFF80B58CB03A
:1059F00002AFF860084611461A4603467B810B4603
:105A00003B811346FB80FEF7A1FB7862FB6893F8AD
:105A10003D30DBB2202B40F008827B6A00931923D3
:105A200001227B49F86800F007FC0346002B01D0F7
:105A30000223FBE1FB6893F83C30012B01D10223E8
:105A4000F4E1FB68012283F83C20FB681B681B68BB
:105A500003F00103012B07D0FB681B681A68FB6881
:105A60001B6842F001021A60FB681B681A68FB6839
:105A70001B6822F400621A60FB68222283F83D2032
:105A8000FB68402283F83E20FB6800221A64FB6812
:105A90003A6B5A62FB68BA8E5A85FB685B8D9AB284
:105AA000FB681A85FB685B4ADA62F8883A8979896B
:105AB0007B6A0193BB6B00930346F86800F0D4FA4D
:105AC0000346002B01D00123B0E1FB681B8D002BA6
:105AD00013D100233B62FB681B685B693B62FB6878
:105AE0001B689B693B623B6AFB681B681A68FB6822
:105AF0001B6842F400721A6084E1FB681B8D012B65
:105B00001BD1FB681B681A68FB681B6822F4806263
:105B10001A600023FB61FB681B685B69FB61FB6823
:105B20001B689B69FB61FB69FB681B681A68FB6863
:105B30001B6842F400721A6064E1FB681B8D022B43
:105B40001BD1FB681B681A68FB681B6822F4806223
:105B50001A60FB681B681A68FB681B6842F40062E5
:105B60001A600023BB61FB681B685B69BB61FB6853
:105B70001B689B69BB61BB6944E100237B61FB68D7
:105B80001B685B697B61FB681B689B697B617B6948
:105B900038E1FB681B8D032B00F2F180FB681B8D45
:105BA000012B23D17A6AB96BF86800F09DFC03469B
:105BB000002B01D0012339E1FB681B681A69FB68DF
:105BC0005B6AD2B21A70FB685B6A5A1CFB685A6245
:105BD000FB681B8D013B9AB2FB681A85FB685B8DE5
:105BE0009BB2013B9AB2FB685A850BE1FB681B8DA7
:105BF000022B4ED17B6A0093BB6B00220649F868EA
:105C000000F01AFB0346002B08D001230EE100BF71
:105C1000020010000000FFFF04000100FB681B6889
:105C20001A68FB681B6842F400721A60FB681B6804
:105C30001A69FB685B6AD2B21A70FB685B6A5A1C0D
:105C4000FB685A62FB681B8D013B9AB2FB681A85A0
:105C5000FB685B8D9BB2013B9AB2FB685A85FB687F
:105C60001B681A69FB685B6AD2B21A70FB685B6AD0
:105C70005A1CFB685A62FB681B8D013B9AB2FB6899
:105C80001A85FB685B8D9BB2013B9AB2FB685A8513
:105C9000B8E07B6A0093BB6B00226649F86800F0AD
:105CA000CBFA0346002B01D00123BFE0FB681B6841
:105CB0001A68FB681B6822F480621A60FB681B6824
:105CC0001A69FB685B6AD2B21A70FB685B6A5A1C7D
:105CD000FB685A62FB681B8D013B9AB2FB681A8510
:105CE000FB685B8D9BB2013B9AB2FB685A857B6A6D
:105CF0000093BB6B00224F49F86800F09DFA034601
:105D0000002B01D0012391E0FB681B681A68FB6837
:105D10001B6842F400721A60FB681B681A69FB6812
:105D20005B6AD2B21A70FB685B6A5A1CFB685A62E3
:105D3000FB681B8D013B9AB2FB681A85FB685B8D83
:105D40009BB2013B9AB2FB685A85FB681B681A69D3
:105D5000FB685B6AD2B21A70FB685B6A5A1CFB680C
:105D60005A62FB681B8D013B9AB2FB681A85FB687F
:105D70005B8D9BB2013B9AB2FB685A8542E07A6A1E
:105D8000B96BF86800F0B0FB0346002B01D001238B
:105D90004CE0FB681B681A69FB685B6AD2B21A7038
:105DA000FB685B6A5A1CFB685A62FB681B8D013BEF
:105DB0009AB2FB681A85FB685B8D9BB2013B9AB275
:105DC000FB685A85FB681B685B6903F00403042BBE
:105DD00018D1FB681B681A69FB685B6AD2B21A703B
:105DE000FB685B6A5A1CFB685A62FB681B8D013BAF
:105DF0009AB2FB681A85FB685B8D9BB2013B9AB235
:105E0000FB685A85FB681B8D002B7FF4C2AEFB68D4
:105E1000202283F83D20FB68002283F83E20FB68A7
:105E2000002283F83C20002300E002231846283794
:105E3000BD4680BD0400010080B588B002AFF860A7
:105E40007A603B600B467B81FB68DB6A7B617B6928
:105E5000082B06D07B69012B03D07B6913F5803FAB
:105E600008D1FB681B681A68FB681B6842F48072E3
:105E70001A600BE0FB681B6B122B07D1FB681B68D9
:105E80001A68FB681B6842F480721A603B680093D2
:105E90007B6800224FF00111F86800F0CDF903464D
:105EA000002B0DD0FB681B681B6803F48073B3F5EF
:105EB000807F03D1FB684FF400721A64032335E03E
:105EC000FB681B69B3F5804F08D17B89DBB21A46AA
:105ED000FB681B6802F0FE021A611BE07B89DB1184
:105EE000DBB203F00603DBB263F00F03DAB2FB6848
:105EF0001B681A613B687A680E49F86800F0F3F98C
:105F00000346002B01D0012310E07B89DAB2FB6845
:105F10001B681A613B687A680749F86800F0E3F982
:105F20000346002B01D0012300E000231846183758
:105F3000BD4680BD080001000200010080B588B0A8
:105F400002AFF860084611461A4603467B810B46AD
:105F50003B811346FB80FB681B681A68FB681B6863
:105F600042F480721A607B6A00933B6A00224FF011
:105F70000111F86800F060F90346002B0DD0FB68B2
:105F80001B681B6803F48073B3F5807F03D1FB6843
:105F90004FF400721A6403235FE07B89DBB21A4678
:105FA000FB681B6802F0FE021A617B6A3A6A2D499F
:105FB000F86800F098F90346002B01D001234CE06B
:105FC00000237B61FB681B685B697B61FB681B6866
:105FD0009B697B617B697A6A396AF86800F002FA2A
:105FE0000346002B0DD0FB681B6C042B07D1FB680C
:105FF0001B681A68FB681B6842F400721A60012370
:106000002BE0FB88012B05D13B89DAB2FB681B68CA
:106010001A6121E03B891B0A9BB2DAB2FB681B685C
:106020001A617A6A396AF86800F0DCF90346002BD5
:106030000DD0FB681B6C042B07D1FB681B681A682A
:10604000FB681B6842F400721A60012305E03B897B
:10605000DAB2FB681B681A61002318461837BD4680
:1060600080BD00BF0200010080B588B002AFF860BB
:10607000084611461A4603467B810B463B81134670
:10608000FB80FB681B681A68FB681B6842F480622F
:106090001A60FB681B681A68FB681B6842F4807210
:1060A0001A607B6A00933B6A00224FF00111F86886
:1060B00000F0C2F80346002B0DD0FB681B681B687C
:1060C00003F48073B3F5807F03D1FB684FF4007253
:1060D0001A640323AAE07B89DBB21A46FB681B68BB
:1060E00002F0FE021A617B6A3A6A5249F86800F0CF
:1060F000FAF80346002B01D0012397E000237B61CF
:10610000FB681B685B697B61FB681B689B697B6143
:106110007B697A6A396AF86800F064F90346002BF3
:106120000DD0FB681B6C042B07D1FB681B681A6839
:10613000FB681B6842F400721A60012376E0FB885A
:10614000012B05D13B89DAB2FB681B681A6121E09B
:106150003B891B0A9BB2DAB2FB681B681A617A6A38
:10616000396AF86800F03EF90346002B0DD0FB6851
:106170001B6C042B07D1FB681B681A68FB681B6843
:1061800042F400721A60012350E03B89DAB2FB68E6
:106190001B681A617A6A396AF86800F023F90346C5
:1061A000002B0DD0FB681B6C042B07D1FB681B6810
:1061B0001A68FB681B6842F400721A60012335E01C
:1061C000FB681B681A68FB681B6842F480721A60DF
:1061D0007B6A00933B6A00224FF00111F86800F0DF
:1061E0002BF80346002B0DD0FB681B681B6803F4DB
:1061F0008073B3F5807F03D1FB684FF400721A649B
:10620000032313E07B89DBB243F00103DAB2FB68BE
:106210001B681A617B6A3A6A0649F86800F063F8FD
:106220000346002B01D0012300E000231846183755
:10623000BD4680BD0200010080B584B000AFF860AB
:10624000B9603B601346FB7125E03B68B3F1FF3F4B
:1062500021D0FDF77BFF0246BB69D31A3A689A4208
:1062600002D33B68002B16D1FB6800221A63FB683F
:10627000202283F83D20FB68002283F83E20FB6843
:106280001B6C43F02002FB681A64FB68002283F851
:106290003C20012323E0BB681B0CDBB2012B0DD19A
:1062A000FB681B685B69DA43BB6813409BB2002B39
:1062B0000CBF01230023DBB21A460CE0FB681B680D
:1062C0009B69DA43BB6813409BB2002B0CBF0123D0
:1062D0000023DBB21A46FB799A42B6D00023184657
:1062E0001037BD4680BD80B584B000AFF860B9609E
:1062F0007A603B6051E0FB681B685B6903F4806374
:10630000B3F5806F23D1FB681B681A68FB681B68B4
:1063100042F400721A60FB681B686FF480625A6175
:10632000FB6800221A63FB68202283F83D20FB688B
:10633000002283F83E20FB681B6C43F00402FB68DC
:106340001A64FB68002283F83C20012346E07B6846
:10635000B3F1FF3F21D0FDF7F9FE02463B68D31AA7
:106360007A689A4202D37B68002B16D1FB68002220
:106370001A63FB68202283F83D20FB68002283F823
:106380003E20FB681B6C43F02002FB681A64FB682C
:10639000002283F83C20012320E0BB681B0CDBB209
:1063A000012B0CD1FB681B685B69DA43BB681340A7
:1063B0009BB2002B14BF01230023DBB20BE0FB6870
:1063C0001B689B69DA43BB6813409BB2002B14BF68
:1063D00001230023DBB2002B8DD100231846103798
:1063E000BD4680BD80B584B000AFF860B9607A600A
:1063F0002DE0F86800F0CEF80346002B01D0012311
:106400002DE0BB68B3F1FF3F21D0FDF79FFE0246B0
:106410007B68D31ABA689A4202D3BB68002B16D1A4
:10642000FB6800221A63FB68202283F83D20FB688A
:10643000002283F83E20FB681B6C43F02002FB68BF
:106440001A64FB68002283F83C20012307E0FB6804
:106450001B685B6903F08003802BCAD100231846B8
:106460001037BD4680BD80B584B000AFF860B9601C
:106470007A602DE0F86800F08DF80346002B01D01B
:1064800001232DE0BB68B3F1FF3F21D0FDF75EFE95
:1064900002467B68D31ABA689A4202D3BB68002BC3
:1064A00016D1FB6800221A63FB68202283F83D2086
:1064B000FB68002283F83E20FB681B6C43F020023F
:1064C000FB681A64FB68002283F83C20012307E084
:1064D000FB681B685B6903F00403042BCAD100232B
:1064E00018461037BD4680BD80B584B000AFF86057
:1064F000B9607A6042E0FB681B685B6903F01003D7
:10650000102B19D1FB681B686FF010025A61FB68F1
:1065100000221A63FB68202283F83D20FB680022DA
:1065200083F83E20FB681A6CFB681A64FB68002243
:1065300083F83C20012329E0FDF708FE02467B6832
:10654000D31ABA689A4202D3BB68002B16D1FB68F3
:1065500000221A63FB68202283F83D20FB6800229A
:1065600083F83E20FB681B6C43F02002FB681A6432
:10657000FB68002283F83C20012307E0FB681B68CE
:106580005B6903F04003402BB5D100231846103758
:10659000BD4680BD80B483B000AF78607B681B6867
:1065A0005B6903F48063B3F5806F1BD17B681B6864
:1065B0006FF480625A617B6800221A637B68202234
:1065C00083F83D207B68002283F83E207B681B6CAB
:1065D00043F004027B681A647B68002283F83C2045
:1065E000012300E0002318460C37BD465DF8047B0C
:1065F0007047000080B586B000AF78607B68002BE4
:1066000001D1012367E27B681B6803F00103002BC3
:1066100075D0884B9B6803F00C03042B0CD0854B82
:106620009B6803F00C03082B12D1824B5B6803F4C8
:106630008003B3F5800F0BD17E4B1B6803F400334E
:10664000002B5BD07B685B68002B57D1012342E2B3
:106650007B685B68B3F5803F06D1764B1B68754A53
:1066600043F4803313601DE07B685B68B3F5A02FB3
:106670000CD1704B1B686F4A43F4802313606D4B41
:106680001B686C4A43F4803313600BE0694B1B6852
:10669000684A23F480331360664B1B68654A23F411
:1066A000802313607B685B68002B13D0FDF74EFDE1
:1066B000386108E0FDF74AFD02463B69D31A642BB6
:1066C00001D9032307E25B4B1B6803F40033002B63
:1066D000F0D014E0FDF73AFD386108E0FDF736FD33
:1066E00002463B69D31A642B01D90323F3E1514BD2
:1066F0001B6803F40033002BF0D100E000BF7B687F
:106700001B6803F00203002B63D04A4B9B6803F025
:106710000C03002B0BD0474B9B6803F00C03082B9A
:106720001CD1444B5B6803F48003002B16D1414B12
:106730001B6803F00203002B05D07B68DB68012B8C
:1067400001D00123C7E13B4B1B6823F0F8027B68B3
:106750001B69DB00374913430B603AE07B68DB6859
:10676000002B20D0344B01221A60FDF7EFFC38617A
:1067700008E0FDF7EBFC02463B69D31A022B01D976
:106780000323A8E12B4B1B6803F00203002BF0D07E
:10679000284B1B6823F0F8027B681B69DB00254946
:1067A00013430B6015E0244B00221A60FDF7CEFC6A
:1067B000386108E0FDF7CAFC02463B69D31A022B98
:1067C00001D9032387E11B4B1B6803F00203002B55
:1067D000F0D17B681B6803F00803002B36D07B6880
:1067E0005B69002B16D0154B01221A60FDF7AEFC39
:1067F000386108E0FDF7AAFC02463B69D31A022B78
:1068000001D9032367E10B4B5B6F03F00203002BFD
:10681000F0D01BE0094B00221A60FDF797FC3861AD
:106820000EE0FDF793FC02463B69D31A022B07D911
:10683000032350E10038024000004742800E4742E7
:10684000884B5B6F03F00203002BEAD17B681B6867
:1068500003F00403002B00F097800023FB75814BAD
:106860001B6C03F08053002B0FD10023BB607D4BCA
:106870001B6C7C4A43F0805313647A4B1B6C03F00F
:106880008053BB60BB680123FB75774B1B6803F427
:106890008073002B18D1744B1B68734A43F48073C8
:1068A0001360FDF753FC386108E0FDF74FFC02462A
:1068B0003B69D31A022B01D903230CE16A4B1B68F5
:1068C00003F48073002BF0D07B689B68012B06D10A
:1068D000644B1B6F634A43F0010313671CE07B6842
:1068E0009B68052B0CD15F4B1B6F5E4A43F0040382
:1068F00013675C4B1B6F5B4A43F0010313670BE0AC
:10690000584B1B6F574A23F001031367554B1B6FFE
:10691000544A23F0040313677B689B68002B15D04F
:10692000FDF714FC38610AE0FDF710FC02463B69F4
:10693000D31A41F28832934201D90323CBE0494B69
:106940001B6F03F00203002BEED014E0FDF7FEFBFB
:1069500038610AE0FDF7FAFB02463B69D31A41F2BF
:106960008832934201D90323B5E03E4B1B6F03F0FD
:106970000203002BEED1FB7D012B05D1394B1B6CA3
:10698000384A23F0805313647B689B69002B00F026
:10699000A180344B9B6803F00C03082B5CD07B6810
:1069A0009B69022B41D1314B00221A60FDF7CEFBCF
:1069B000386108E0FDF7CAFB02463B69D31A022B97
:1069C00001D9032387E0274B1B6803F00073002BDA
:1069D000F0D17B68DA697B681B6A1A437B685B6A63
:1069E0009B011A437B689B6A5B08013B1B041A43AB
:1069F0007B68DB6A1B061B4913434B601B4B012260
:106A00001A60FDF7A3FB386108E0FDF79FFB024623
:106A10003B69D31A022B01D903235CE0114B1B689D
:106A200003F00073002BF0D054E0104B00221A60EA
:106A3000FDF78CFB386108E0FDF788FB02463B69F7
:106A4000D31A022B01D9032345E0064B1B6803F040
:106A50000073002BF0D13DE07B689B69012B07D1CF
:106A6000012338E0003802400070004060004742D7
:106A70001B4B5B68FB607B689B69012B28D0FB6824
:106A800003F480027B68DB699A4221D1FB6803F042
:106A90003F027B681B6A9A421AD1FA6847F6C073B4
:106AA00013407A68526A9201934211D1FB6803F451
:106AB00040327B689B6A5B08013B1B049A4207D10A
:106AC000FB6803F070627B68DB6A1B069A4201D0A8
:106AD000012300E0002318461837BD4680BD00BFE3
:106AE0000038024080B584B000AF786039607B68C0
:106AF000002B01D10123CCE0684B1B6803F0070396
:106B00003A689A420CD9654B3A68D2B21A70634B14
:106B10001B6803F007033A689A4201D00123B8E0EA
:106B20007B681B6803F00203002B20D07B681B6886
:106B300003F00403002B05D0594B9B68584A43F4DB
:106B4000E05393607B681B6803F00803002B05D0BB
:106B5000534B9B68524A43F460439360504B9B688D
:106B600023F0F0027B689B684D4913438B607B6880
:106B70001B6803F00103002B44D07B685B68012B8A
:106B800007D1474B1B6803F40033002B19D10123B5
:106B90007FE07B685B68022B03D07B685B68032B1C
:106BA00007D13F4B1B6803F00073002B09D1012371
:106BB0006FE03B4B1B6803F00203002B01D1012364
:106BC00067E0374B9B6823F003027B685B683449BE
:106BD00013438B60FDF7BAFAF8600AE0FDF7B6FAE6
:106BE0000246FB68D31A41F28832934201D903234B
:106BF0004FE02B4B9B6803F00C027B685B689B00AB
:106C00009A42EBD1254B1B6803F007033A689A427E
:106C10000CD2224B3A68D2B21A70204B1B6803F098
:106C200007033A689A4201D0012332E07B681B686F
:106C300003F00403002B08D0194B9B6823F4E052A7
:106C40007B68DB68164913438B607B681B6803F025
:106C50000803002B09D0124B9B6823F460427B6829
:106C60001B69DB000E4913438B6000F021F80246DC
:106C70000B4B9B681B0903F00F030A49CB5C22FAFC
:106C800003F3094A1360094B1B681846FDF71AFA0B
:106C9000002318461037BD4680BD00BF003C0240AF
:106CA0000038024000E700080C010020100100201D
:106CB0002DE9B04F90B000AF00237B630023FB634E
:106CC00000233B630023BB63594B9B6803F00C0319
:106CD000082B0DD0082B00F2A180002B02D0042B32
:106CE00003D09BE0534BBB639BE0534BBB6398E0EB
:106CF0004F4B5B6803F03F037B634D4B5B6803F4D2
:106D00008003002B28D04A4B5B689B0900223B6222
:106D10007A623B6AC3F308000021474B03FB01F290
:106D2000002300FB03F31344434AA0FB0212FA6260
:106D30000A46BA62FA6A1344FB627B6B0022BB61AB
:106D4000FA61D7E90623D7E90A01F9F79DFF024660
:106D50000B461346FB6353E0354B5B689B090022EF
:106D60003B617A613B69C3F3080A4FF0000B52465E
:106D70005B464FF000004FF00001590141EAD2613B
:106D8000500102460B46B2EB0A0863EB0B094FF0C9
:106D900000024FF000034FEA891343EA98634FEA79
:106DA0008812B2EB080463EB09054FF000024FF0C4
:106DB0000003EB0043EA5473E20014461D4614EB53
:106DC0000A033B6045EB0B037B604FF000024FF082
:106DD0000003D7E9004529468B02214643EA915337
:106DE00021468A02104619467B6B0022BB60FA607E
:106DF000D7E90223F9F748FF02460B461346FB6327
:106E00000B4B5B681B0C03F0030301335B003B631C
:106E1000FA6B3B6BB2FBF3F3BB6302E0054BBB6366
:106E200000BFBB6B18464037BD46BDE8B08F00BF02
:106E3000003802400024F40040787D0180B400AFA7
:106E4000034B1B681846BD465DF8047B704700BFC6
:106E50000C01002080B500AFFFF7F0FF0246054BA4
:106E60009B689B0A03F007030349CB5C22FA03F3F8
:106E7000184680BD0038024010E7000880B500AF1A
:106E8000FFF7DCFF0246054B9B685B0B03F0070333
:106E90000349CB5C22FA03F3184680BD0038024058
:106EA00010E7000880B582B000AF78607B68002BE7
:106EB00001D101237BE07B685B6A002B08D17B68F2
:106EC0005B68B3F5827F09D07B680022DA6105E058
:106ED0007B6800221A617B6800225A617B6800226D
:106EE0009A627B6893F85130DBB2002B06D17B6845
:106EF000002283F850207868FCF758F97B6802225A
:106F000083F851207B681B681A687B681B6822F035
:106F100040021A607B685B6803F482727B689B683E
:106F200003F404431A437B68DB6803F400631A43E9
:106F30007B681B6903F002031A437B685B6903F0FB
:106F400001031A437B689B6903F400731A437B684F
:106F5000DB6903F038031A437B681B6A03F0800384
:106F600042EA03017B689B6A03F400527B681B685A
:106F70000A431A607B689B691B0C03F004017B6861
:106F80005B6A03F010027B681B680A435A607B68E7
:106F90001B68DA697B681B6822F40062DA617B682F
:106FA00000225A657B68012283F85120002318468D
:106FB0000837BD4680BD80B582B000AF78607B6881
:106FC000002B01D1012341E07B6893F83D30DBB217
:106FD000002B06D17B68002283F83C207868FCF700
:106FE0008DFD7B68022283F83D207B681A687B68F0
:106FF00004331946104600F099FE7B68012283F89D
:1070000046207B68012283F83E207B68012283F8BA
:107010003F207B68012283F840207B68012283F8AF
:1070200041207B68012283F842207B68012283F89B
:1070300043207B68012283F844207B68012283F887
:1070400045207B68012283F83D200023184608373D
:10705000BD4680BD80B485B000AF78607B6893F892
:107060003D30DBB2012B01D001234EE07B680222D0
:1070700083F83D207B681B68DA687B681B6842F0F8
:107080000102DA607B681B68234A934222D07B6846
:107090001B68B3F1804F1DD07B681B681F4A934269
:1070A00018D07B681B681E4A934213D07B681B680C
:1070B0001C4A93420ED07B681B681B4A934209D03E
:1070C0007B681B68194A934204D07B681B68184A86
:1070D000934211D17B681B689B6803F00703FB6038
:1070E000FB68062B10D07B681B681A687B681B68DE
:1070F00042F001021A6007E07B681B681A687B682F
:107100001B6842F001021A60002318461437BD467E
:107110005DF8047B704700BF0000014000040040A0
:1071200000080040000C0040000401400040014005
:107130000018004080B582B000AF78607B68002BFB
:1071400001D1012341E07B6893F83D30DBB2002B95
:1071500006D17B68002283F83C20786800F039F87B
:107160007B68022283F83D207B681A687B680433C1
:107170001946104600F0DAFD7B68012283F84620AC
:107180007B68012283F83E207B68012283F83F2040
:107190007B68012283F840207B68012283F841202C
:1071A0007B68012283F842207B68012283F8432018
:1071B0007B68012283F844207B68012283F8452004
:1071C0007B68012283F83D20002318460837BD461E
:1071D00080BD80B483B000AF786000BF0C37BD467F
:1071E0005DF8047B7047000080B584B000AF786024
:1071F00039603B68002B09D17B6893F83E30DBB2E5
:10720000012B14BF01230023DBB222E03B68042BD7
:1072100009D17B6893F83F30DBB2012B14BF012307
:107220000023DBB215E03B68082B09D17B6893F89B
:107230004030DBB2012B14BF01230023DBB208E096
:107240007B6893F84130DBB2012B14BF012300238C
:10725000DBB2002B01D001237CE03B68002B04D182
:107260007B68022283F83E2013E03B68042B04D1A4
:107270007B68022283F83F200BE03B68082B04D197
:107280007B68022283F8402003E07B68022283F8B7
:1072900041207B681B6801223968184601F05AF9C1
:1072A0007B681B682D4A934204D07B681B682C4A7C
:1072B000934201D1012300E00023002B07D07B681B
:1072C0001B685A6C7B681B6842F400425A647B68F6
:1072D0001B68224A934222D07B681B68B3F1804F1F
:1072E0001DD07B681B681F4A934218D07B681B68BF
:1072F0001D4A934213D07B681B681C4A93420ED0F0
:107300007B681B68164A934209D07B681B68184A41
:10731000934204D07B681B68164A934211D17B6864
:107320001B689B6803F00703FB60FB68062B10D00B
:107330007B681B681A687B681B6842F001021A6050
:1073400007E07B681B681A687B681B6842F00102D3
:107350001A60002318461037BD4680BD000001406A
:10736000000401400004004000080040000C004000
:10737000004001400018004080B582B000AF786046
:107380007B68002B01D1012341E07B6893F83D30FD
:10739000DBB2002B06D17B68002283F83C207868A2
:1073A000FCF7E0FC7B68022283F83D207B681A68CA
:1073B0007B6804331946104600F0B8FC7B68012254
:1073C00083F846207B68012283F83E207B680122F7
:1073D00083F83F207B68012283F840207B680122EC
:1073E00083F841207B68012283F842207B680122D8
:1073F00083F843207B68012283F844207B680122C4
:1074000083F845207B68012283F83D20002318463D
:107410000837BD4680BD80B586B000AF7860396062
:107420007B68002B01D1012397E07B6893F83D3006
:10743000DBB2002B06D17B68002283F83C20786801
:10744000FCF7F6FB7B68022283F83D207B681B6813
:107450009B687A68126823F4804323F007039360E3
:107460007B681A687B6804331946104600F05EFC9E
:107470007B681B689B687B617B681B689B693B61C1
:107480007B681B681B6AFB603B681B687A69134357
:107490007B613B6923F4407323F003033B613B684A
:1074A0009A683B689B691B0213433A6913433B612B
:1074B0003B6923F4406323F00C033B613B6923F4F5
:1074C000704323F0F0033B613B68DA683B68DB699B
:1074D0001B0213433A6913433B613B681B691A0162
:1074E0003B681B6A1B0313433A6913433B61FB6808
:1074F00023F02203FB60FB6823F08803FB603B68FA
:107500005A683B685B691B011343FA681343FB60CD
:107510007B681B687A699A607B681B683A699A6124
:107520007B681B68FA681A627B68012283F8462030
:107530007B68012283F83E207B68012283F83F208C
:107540007B68012283F842207B68012283F8432074
:107550007B68012283F83D20002318461837BD467A
:1075600080BD80B584B000AF786039607B6893F8E7
:107570003E30FB737B6893F83F30BB737B6893F8B6
:1075800042307B737B6893F843303B733B68002B3E
:1075900010D1FB7B012B02D17B7B012B01D001237E
:1075A00069E07B68022283F83E207B68022283F830
:1075B000422031E03B68042B10D1BB7B012B02D170
:1075C0003B7B012B01D0012355E07B68022283F82D
:1075D0003F207B68022283F843201DE0FB7B012BC8
:1075E00008D1BB7B012B05D17B7B012B02D13B7BDF
:1075F000012B01D001233EE07B68022283F83E206C
:107600007B68022283F83F207B68022283F84220B5
:107610007B68022283F843203B68002B03D03B6841
:10762000042B08D00FE07B681B680122002118465C
:1076300000F090FF16E07B681B68012204211846C9
:1076400000F088FF0EE07B681B68012200211846CD
:1076500000F080FF7B681B6801220421184600F0BF
:1076600079FF00BF7B681B681A687B681B6842F063
:1076700001021A60002318461037BD4680BD80B550
:1076800082B000AF78607B681B681B6903F002035F
:10769000022B22D17B681B68DB6803F00203022BFC
:1076A0001BD17B681B686FF002021A617B680122A4
:1076B0001A777B681B689B6903F00303002B03D0D8
:1076C000786800F014FB05E0786800F006FB786845
:1076D00000F017FB7B6800221A777B681B681B6928
:1076E00003F00403042B22D17B681B68DB6803F0E2
:1076F0000403042B1BD17B681B686FF004021A6122
:107700007B6802221A777B681B689B6903F44073CD
:10771000002B03D0786800F0EAFA05E0786800F002
:10772000DCFA786800F0EDFA7B6800221A777B6853
:107730001B681B6903F00803082B22D17B681B68B8
:10774000DB6803F00803082B1BD17B681B686FF014
:1077500008021A617B6804221A777B681B68DB6960
:1077600003F00303002B03D0786800F0C0FA05E0B3
:10777000786800F0B2FA786800F0C3FA7B680022FB
:107780001A777B681B681B6903F01003102B22D14A
:107790007B681B68DB6803F01003102B1BD17B6830
:1077A0001B686FF010021A617B6808221A777B68E9
:1077B0001B68DB6903F44073002B03D0786800F08A
:1077C00096FA05E0786800F088FA786800F099FA8F
:1077D0007B6800221A777B681B681B6903F0010332
:1077E000012B0ED17B681B68DB6803F00103012BC2
:1077F00007D17B681B686FF001021A617868FAF79D
:107800001DFB7B681B681B6903F08003802B0ED176
:107810007B681B68DB6803F08003802B07D17B68E3
:107820001B686FF080021A61786800F091FF7B6836
:107830001B681B6903F04003402B0ED17B681B685B
:10784000DB6803F04003402B07D17B681B686FF0B7
:1078500040021A61786800F05EFA7B681B681B6959
:1078600003F02003202B0ED17B681B68DB6803F03C
:107870002003202B07D17B681B686FF020021A6160
:10788000786800F05BFF00BF0837BD4680BD80B55B
:1078900086B000AFF860B9607A600023FB75FB68C2
:1078A00093F83C30012B01D1022388E0FB680122D0
:1078B00083F83C207B68002B1BD1FB681868BB68F1
:1078C0001968BB685A68BB68DB6800F07FFCFB681E
:1078D0001B689A69FB681B6822F00C029A61FB68BE
:1078E0001B689969BB689A68FB681B680A439A61C0
:1078F00060E07B68042B1CD1FB681868BB681968C2
:10790000BB685A68BB68DB6800F003FDFB681B6856
:107910009A69FB681B6822F440629A61FB681B68E5
:107920009969BB689B681A02FB681B680A439A61E5
:1079300040E07B68082B1BD1FB681868BB6819689E
:10794000BB685A68BB68DB6800F050FDFB681B68C9
:10795000DA69FB681B6822F00C02DA61FB681B68BD
:10796000D969BB689A68FB681B680A43DA6121E041
:107970007B680C2B1CD1FB681868BB681968BB6856
:107980005A68BB68DB6800F06DFDFB681B68DA694C
:10799000FB681B6822F44062DA61FB681B68D969E6
:1079A000BB689B681A02FB681B680A43DA6101E046
:1079B0000123FB75FB68002283F83C20FB7D184601
:1079C0001837BD4680BD000080B586B000AFF860B6
:1079D000B9607A600023FB75FB6893F83C30012B9B
:1079E00001D10223AEE0FB68012283F83C207B68D2
:1079F0000C2B00F29F8001A252F823F0317A00088C
:107A0000357B0008357B0008357B0008717A00085B
:107A1000357B0008357B0008357B0008B37A000809
:107A2000357B0008357B0008357B0008F37A0008B9
:107A3000FB681B68B968184600F018FAFB681B68F9
:107A40009A69FB681B6842F008029A61FB681B6830
:107A50009A69FB681B6822F004029A61FB681B6844
:107A60009969BB681A69FB681B680A439A6164E0FC
:107A7000FB681B68B968184600F068FAFB681B6869
:107A80009A69FB681B6842F400629A61FB681B6894
:107A90009A69FB681B6822F480629A61FB681B6824
:107AA0009969BB681B691A02FB681B680A439A61E3
:107AB00043E0FB681B68B968184600F0BDFAFB6834
:107AC0001B68DA69FB681B6842F00802DA61FB6830
:107AD0001B68DA69FB681B6822F00402DA61FB6844
:107AE0001B68D969BB681A69FB681B680A43DA61BD
:107AF00023E0FB681B68B968184600F011FBFB68BF
:107B00001B68DA69FB681B6842F40062DA61FB6893
:107B10001B68DA69FB681B6822F48062DA61FB6823
:107B20001B68D969BB681B691A02FB681B680A439A
:107B3000DA6102E00123FB7500BFFB68002283F8D5
:107B40003C20FB7D18461837BD4680BD80B584B00B
:107B500000AF786039600023FB737B6893F83C309A
:107B6000012B01D10223B4E07B68012283F83C2081
:107B70007B68022283F83D207B681B689B68BB60A2
:107B8000BB6823F07703BB60BB6823F47F43BB6013
:107B90007B681B68BA689A603B681B68B3F5005F36
:107BA0003ED0B3F5005F00F28780B3F5805F00F050
:107BB0008680B3F5805F7FD8702B1AD0702B7BD86E
:107BC000602B50D0602B77D8502B3CD0502B73D8E3
:107BD000402B58D0402B6FD8302B64D0302B6BD833
:107BE000202B60D0202B67D8002B5CD0102B5AD0D4
:107BF00062E07B6818683B6899683B685A683B6834
:107C0000DB6800F087FC7B681B689B68BB60BB6817
:107C100043F07703BB607B681B68BA689A604FE0EB
:107C20007B6818683B6899683B685A683B68DB6802
:107C300000F070FC7B681B689A687B681B6842F4E4
:107C400080429A603CE07B6818683B6859683B68F2
:107C5000DB681A4600F02EFB7B681B685021184633
:107C600000F03DFC2CE07B6818683B6859683B6875
:107C7000DB681A4600F08AFB7B681B6860211846A7
:107C800000F02DFC1CE07B6818683B6859683B6875
:107C9000DB681A4600F00EFB7B681B684021184623
:107CA00000F01DFC0CE07B681A683B681B681946F5
:107CB000104600F014FC03E00123FB7300E000BF5A
:107CC0007B68012283F83D207B68002283F83C20FA
:107CD000FB7B18461037BD4680BD80B483B000AF33
:107CE000786000BF0C37BD465DF8047B704780B4F8
:107CF00083B000AF786000BF0C37BD465DF8047BF1
:107D0000704780B483B000AF786000BF0C37BD46C9
:107D10005DF8047B704780B483B000AF786000BF2B
:107D20000C37BD465DF8047B7047000080B485B019
:107D300000AF786039607B681B68FB607B68404AF5
:107D4000934213D07B68B3F1804F0FD07B683D4ADC
:107D500093420BD07B683C4A934207D07B683B4AF6
:107D6000934203D07B683A4A934208D1FB6823F0E0
:107D70007003FB603B685B68FA681343FB607B68D9
:107D80002F4A93422BD07B68B3F1804F27D07B687A
:107D90002C4A934223D07B682B4A93421FD07B68A6
:107DA0002A4A93421BD07B68294A934217D07B68AA
:107DB000284A934213D07B68274A93420FD07B68AE
:107DC000264A93420BD07B68254A934207D07B68B2
:107DD000244A934203D07B68234A934208D1FB682C
:107DE00023F44073FB603B68DB68FA681343FB6075
:107DF000FB6823F080023B685B691343FB607B6890
:107E0000FA681A603B689A687B68DA623B681A68AD
:107E10007B689A627B680A4A934203D07B680C4A6B
:107E2000934203D13B681A697B681A637B6801221D
:107E30005A6100BF1437BD465DF8047B704700BF30
:107E4000000001400004004000080040000C004019
:107E5000000401400040014000440140004801404E
:107E600000180040001C00400020004080B487B093
:107E700000AF786039607B681B6A23F001027B6881
:107E80001A627B681B6A7B617B685B683B617B680D
:107E90009B69FB60FB6823F07003FB60FB6823F0C9
:107EA0000303FB603B681B68FA681343FB607B6954
:107EB00023F002037B613B689B687A6913437B6113
:107EC0007B68204A934203D07B681F4A93420CD1BF
:107ED0007B6923F008037B613B68DB687A691343A5
:107EE0007B617B6923F004037B617B68154A9342C5
:107EF00003D07B68144A934211D13B6923F4807309
:107F00003B613B6923F400733B613B685B693A6901
:107F100013433B613B689B693A6913433B617B6850
:107F20003A695A607B68FA689A613B685A687B686C
:107F30005A637B687A691A6200BF1C37BD465DF8D8
:107F4000047B7047000001400004014080B487B00A
:107F500000AF786039607B681B6A23F010027B6891
:107F60001A627B681B6A7B617B685B683B617B682C
:107F70009B69FB60FB6823F4E043FB60FB6823F430
:107F80004073FB603B681B681B02FA681343FB608D
:107F90007B6923F020037B613B689B681B017A6946
:107FA00013437B617B68224A934203D07B68214A5A
:107FB00093420DD17B6923F080037B613B68DB68D2
:107FC0001B017A6913437B617B6923F040037B616A
:107FD0007B68174A934203D07B68164A934213D1B9
:107FE0003B6923F480633B613B6923F400633B619D
:107FF0003B685B699B003A6913433B613B689B6943
:108000009B003A6913433B617B683A695A607B681D
:10801000FA689A613B685A687B689A637B687A69F8
:108020001A6200BF1C37BD465DF8047B704700BF75
:10803000000001400004014080B487B000AF7860C8
:1080400039607B681B6A23F480727B681A627B68E4
:108050001B6A7B617B685B683B617B68DB69FB60FB
:10806000FB6823F07003FB60FB6823F00303FB60F5
:108070003B681B68FA681343FB607B6923F4007359
:108080007B613B689B681B027A6913437B617B6859
:10809000214A934203D07B68204A93420DD17B69E9
:1080A00023F400637B613B68DB681B027A6913433E
:1080B0007B617B6923F480637B617B68164A934212
:1080C00003D07B68154A934213D13B6923F4805354
:1080D0003B613B6923F400533B613B685B691B01D7
:1080E0003A6913433B613B689B691B013A6913433F
:1080F0003B617B683A695A607B68FA68DA613B6881
:108100005A687B68DA637B687A691A6200BF1C3739
:10811000BD465DF8047B704700000140000401404B
:1081200080B487B000AF786039607B681B6A23F445
:1081300080527B681A627B681B6A3B617B685B6864
:108140007B617B68DB69FB60FB6823F4E043FB60D9
:10815000FB6823F44073FB603B681B681B02FA68F2
:108160001343FB603B6923F400533B613B689B680E
:108170001B033A6913433B617B68124A934203D065
:108180007B68114A934209D17B6923F480437B6168
:108190003B685B699B017A6913437B617B687A6901
:1081A0005A607B68FA68DA613B685A687B681A64CF
:1081B0007B683A691A6200BF1C37BD465DF8047BD4
:1081C000704700BF000001400004014080B487B048
:1081D00000AFF860B9607A603B60FB681B6A23F00F
:1081E0000102FB681A62FB689B697B61FB681B6A82
:1081F0003B61FB68284A93421BD0FB68B3F1804F78
:1082000017D0FB68254A934213D0FB68244A934257
:108210000FD0FB68234A93420BD0FB68224A93425B
:1082200007D0FB68214A934203D0FB68204A93425F
:1082300001D1012300E00023002B08D07B6923F04B
:1082400003037B617A697B6813437B6103E07B698D
:1082500043F001037B617B6923F0F0037B613B68A2
:108260001B01DBB27A6913437B613B6923F00A038C
:108270003B61BB6803F00A033A6913433B61FB6847
:108280007A699A61FB683A691A6200BF1C37BD4679
:108290005DF8047B704700BF00000140000400400F
:1082A00000080040000C0040000401400040014074
:1082B0000018004080B487B000AFF860B9607A6001
:1082C000FB681B6A7B61FB681B6A23F00102FB6889
:1082D0001A62FB689B693B613B6923F0F0033B61D9
:1082E0007B681B013A6913433B617B6923F00A03F6
:1082F0007B617A69BB6813437B61FB683A699A6169
:10830000FB687A691A6200BF1C37BD465DF8047BC2
:10831000704780B487B000AFF860B9607A603B60A6
:10832000FB681B6A23F01002FB681A62FB689B69FA
:108330007B61FB681B6A3B617B6923F440737B6153
:108340007B681B027A6913437B617B6923F470436A
:108350007B613B681B039BB27A6913437B613B697A
:1083600023F0A0033B61BB681B0103F0A0033A6943
:1083700013433B61FB687A699A61FB683A691A6248
:1083800000BF1C37BD465DF8047B704780B487B0E2
:1083900000AFF860B9607A60FB681B6A23F01002D6
:1083A000FB681A62FB689B697B61FB681B6A3B6127
:1083B0007B6923F470437B617B681B037A691343F9
:1083C0007B613B6923F0A0033B61BB681B013A69F9
:1083D00013433B61FB687A699A61FB683A691A62E8
:1083E00000BF1C37BD465DF8047B704780B487B082
:1083F00000AFF860B9607A603B60FB681B6A23F4E9
:108400008072FB681A62FB68DB697B61FB681B6A30
:108410003B617B6923F003037B617A697B681343CB
:108420007B617B6923F0F0037B613B681B01DBB25E
:108430007A6913437B613B6923F420633B61BB682A
:108440001B0203F420633A6913433B61FB687A69BA
:10845000DA61FB683A691A6200BF1C37BD465DF8F5
:10846000047B704780B487B000AFF860B9607A6071
:108470003B60FB681B6A23F48052FB681A62FB684E
:10848000DB697B61FB681B6A3B617B6923F440739A
:108490007B617B681B027A6913437B617B6923F4F0
:1084A00070437B613B681B039BB27A6913437B611A
:1084B0003B6923F420433B61BB681B0303F4204367
:1084C0003A6913433B61FB687A69DA61FB683A6990
:1084D0001A6200BF1C37BD465DF8047B704780B44C
:1084E00085B000AF786039607B689B68FB60FB6893
:1084F00023F07003FB603A68FB68134343F0070303
:10850000FB607B68FA689A6000BF1437BD465DF86F
:10851000047B704780B487B000AFF860B9607A60C0
:108520003B60FB689B687B617B6923F47F437B61D5
:108530003B681A027B681A43BB6813437A6913438A
:108540007B61FB687A699A6000BF1C37BD465DF8A5
:10855000047B704780B487B000AFF860B9607A6080
:10856000BB6803F01F03012202FA03F37B61FB687F
:108570001A6A7B69DB431A40FB681A62FB681A6A55
:10858000BB6803F01F03796801FA03F31A43FB6821
:108590001A6200BF1C37BD465DF8047B70470000BF
:1085A00080B485B000AF786039607B6893F83C3068
:1085B000012B01D102235AE07B68012283F83C2081
:1085C0007B68022283F83D207B681B685B68FB6048
:1085D0007B681B689B68BB60FB6823F07003FB60D3
:1085E0003B681B68FA681343FB607B681B68FA688A
:1085F0005A607B681B68214A934222D07B681B68C3
:10860000B3F1804F1DD07B681B681D4A934218D080
:108610007B681B681B4A934213D07B681B681A4A0D
:1086200093420ED07B681B68184A934209D07B683E
:108630001B68174A934204D07B681B68154A934213
:108640000CD1BB6823F08003BB603B685B68BA68F1
:108650001343BB607B681B68BA689A607B68012221
:1086600083F83D207B68002283F83C2000231846D5
:108670001437BD465DF8047B704700BF0000014021
:108680000004004000080040000C004000040140CD
:10869000004001400018004080B485B000AF786011
:1086A00039600023FB607B6893F83C30012B01D1DB
:1086B00002233DE07B68012283F83C20FB6823F025
:1086C000FF023B68DB681343FB60FB6823F44072E6
:1086D0003B689B681343FB60FB6823F480623B6844
:1086E0005B681343FB60FB6823F400623B681B6814
:1086F0001343FB60FB6823F480523B681B69134300
:10870000FB60FB6823F400523B685B691343FB602A
:10871000FB6823F480423B68DB691343FB607B68A2
:108720001B68FA685A647B68002283F83C200023A7
:1087300018461437BD465DF8047B704780B483B09B
:1087400000AF786000BF0C37BD465DF8047B704712
:1087500080B483B000AF786000BF0C37BD465DF8D1
:10876000047B704780B582B000AF78607B68002BD7
:1087700001D101233FE07B6893F83D30DBB2002B51
:1087800006D17B68002283F83C207868FBF7C0FBA9
:108790007B68242283F83D207B681B68DA687B684D
:1087A0001B6822F40052DA60786800F0DFFD7B6815
:1087B0001B681A697B681B6822F490421A617B6807
:1087C0001B685A697B681B6822F02A025A617B6821
:1087D0001B68DA687B681B6842F40052DA607B68C9
:1087E00000221A647B68202283F83D207B682022C7
:1087F00083F83E20002318460837BD4680BD80B56B
:108800008AB002AFF860B9603B601346FB8000237A
:108810007B61FB6893F83D30DBB2202B7CD1BB68D9
:10882000002B02D0FB88002B01D1012375E0FB68EF
:1088300093F83C30012B01D102236EE0FB6801224A
:1088400083F83C20FB6800221A64FB68212283F82D
:108850003D20FBF77BFC7861FB68FA889A84FB6813
:10886000FA88DA84FB689B68B3F5805F08D1FB68FF
:108870001B69002B04D10023FB61BB68BB6103E0D3
:10888000BB68FB610023BB61FB68002283F83C20CE
:108890002AE03B6800937B6900228021F86800F0A1
:1088A0001FFB0346002B01D0032336E0FB69002B9E
:1088B0000BD1BB691B881A46FB681B68C2F3080210
:1088C0005A60BB690233BB6107E0FB691A78FB6839
:1088D0001B685A60FB690133FB61FB68DB8C9BB250
:1088E000013B9AB2FB68DA84FB68DB8C9BB2002BFD
:1088F000CFD13B6800937B6900224021F86800F0EB
:10890000EFFA0346002B01D0032306E0FB68202288
:1089100083F83D20002300E0022318462037BD469F
:1089200080BD80B584B000AFF860B9601346FB80AD
:10893000FB6893F83E30DBB2202B1DD1BB68002BC7
:1089400002D0FB88002B01D1012316E0FB6893F8CD
:108950003C30012B01D102230FE0FB68012283F898
:108960003C20FB6800221A63FB881A46B968F86845
:1089700000F024FB034600E0022318461037BD46F2
:1089800080BD000080B5BAB000AF78607B681B681E
:108990001B68C7F8E4307B681B68DB68C7F8E03009
:1089A0007B681B685B69C7F8DC300023C7F8D830E8
:1089B0000023C7F8D430D7F8E43003F00F03C7F82A
:1089C000D830D7F8D830002B0FD1D7F8E43003F0E7
:1089D0002003002B09D0D7F8E03003F02003002B50
:1089E00003D0786800F007FC56E2D7F8D830002BA7
:1089F00000F0DE80D7F8DC3003F00103002B06D155
:108A0000D7F8E03003F49073002B00F0D180D7F852
:108A1000E43003F00103002B0BD0D7F8E03003F46F
:108A20008073002B05D07B681B6C43F001027B68D0
:108A30001A64D7F8E43003F00403002B0BD0D7F806
:108A4000DC3003F00103002B05D07B681B6C43F086
:108A500002027B681A64D7F8E43003F00203002BAB
:108A60000BD0D7F8DC3003F00103002B05D07B6876
:108A70001B6C43F004027B681A64D7F8E43003F0FF
:108A80000803002B11D0D7F8E03003F02003002BAF
:108A900005D1D7F8DC3003F00103002B05D07B684B
:108AA0001B6C43F008027B681A647B681B6C002B0C
:108AB00000F0ED81D7F8E43003F02003002B08D05C
:108AC000D7F8E03003F02003002B02D0786800F0E4
:108AD00092FB7B681B685B6903F04003402B0CBF73
:108AE00001230023DBB2C7F8D4307B681B6C03F092
:108AF0000803002B03D1D7F8D430002B4FD078686F
:108B000000F09AFA7B681B685B6903F04003402B16
:108B100041D17B681B681433C7F89C30D7F89C3070
:108B200053E8003FC7F89830D7F8983023F0400357
:108B3000C7F8D0307B681B681433D7F8D020C7F84B
:108B4000A820C7F8A430D7F8A410D7F8A82041E887
:108B50000023C7F8A030D7F8A030002BD9D17B680C
:108B60009B6B002B13D07B689B6B7D4A1A657B68DF
:108B70009B6B1846FBF7FDFE0346002B16D07B6867
:108B80009B6B1B6D7A68926B104698470EE0786875
:108B900000F090F90AE0786800F08CF906E0786857
:108BA00000F088F97B6800221A6470E100BF6EE172
:108BB0007B681B6B012B40F04A81D7F8E43003F04F
:108BC0001003002B00F04381D7F8E03003F01003CE
:108BD000002B00F03C810023BB607B681B681B6896
:108BE000BB607B681B685B68BB60BB687B681B689D
:108BF0005B6903F04003402B40F0B4807B689B6BC3
:108C00001B685B68A7F8BE30B7F8BE30002B00F0D9
:108C100040817B689B8DB7F8BE209A4280F03981F5
:108C20007B68B7F8BE20DA857B689B6BDB69B3F5A0
:108C3000807F00F088807B681B680C33C7F8883021
:108C4000D7F8883053E8003FC7F88430D7F884302D
:108C500023F48073C7F8B8307B681B680C33D7F8EF
:108C6000B820C7F89420C7F89030D7F89010D7F8FC
:108C7000942041E80023C7F88C30D7F88C30002BC3
:108C8000D9D17B681B6814337B677B6F53E8003F47
:108C90003B673B6F23F00103C7F8B4307B681B6868
:108CA0001433D7F8B420C7F88020FB67F96FD7F8E2
:108CB000802041E80023BB67BB6F002BE1D17B68BC
:108CC0001B6814333B663B6E53E8003FFB65FB6D4E
:108CD00023F04003C7F8B0307B681B681433D7F823
:108CE000B020FA66BB66B96EFA6E41E800237B6677
:108CF0007B6E002BE3D17B68202283F83E207B68CB
:108D000000221A637B681B680C33FB64FB6C53E81E
:108D1000003FBB64BB6C23F01003C7F8AC307B682A
:108D20001B680C33D7F8AC20BA657B65796DBA6DDA
:108D300041E800233B653B6D002BE3D17B689B6BD7
:108D40001846FBF7A6FD7B689A8D7B68DB8D9BB28E
:108D5000D31A9BB21946786800F0B6F899E000BFC4
:108D6000FF9000087B689A8D7B68DB8D9BB2D31ADD
:108D7000A7F8CE307B68DB8D9BB2002B00F08B8098
:108D8000B7F8CE30002B00F086807B681B680C3370
:108D9000BB63BB6B53E8003F7B637B6B23F4907337
:108DA000C7F8C8307B681B680C33D7F8C8207A64D2
:108DB0003B64396C7A6C41E80023FB63FB6B002B4E
:108DC000E3D17B681B6814337B627B6A53E8003F06
:108DD0003B623B6A23F00103C7F8C4307B681B6821
:108DE0001433D7F8C4203A63FB62F96A3A6B41E85E
:108DF0000023BB62BB6A002BE3D17B68202283F88F
:108E00003E207B6800221A637B681B680C333B6141
:108E10003B6953E8003FFB60FB6823F01003C7F891
:108E2000C0307B681B680C33D7F8C020FA61BB6187
:108E3000B969FA6941E800237B617B69002BE3D1C2
:108E4000B7F8CE301946786800F03EF823E0D7F83E
:108E5000E43003F08003002B09D0D7F8E03003F0B2
:108E60008003002B03D0786800F05DF914E0D7F898
:108E7000E43003F04003002B0ED0D7F8E03003F0CD
:108E80004003002B08D0786800F09DF904E000BF93
:108E900002E000BF00E000BFE837BD4680BD00BF74
:108EA00080B483B000AF786000BF0C37BD465DF87A
:108EB000047B704780B483B000AF786000BF0C378C
:108EC000BD465DF8047B704780B483B000AF786026
:108ED0000B467B8000BF0C37BD465DF8047B7047B6
:108EE00080B590B000AFF860B9603B601346FB718D
:108EF00050E0BB6CB3F1FF3F4CD0BB6C002B07D0F4
:108F0000FBF724F902463B68D31ABA6C9A4241D265
:108F1000FB681B680C33BB62BB6A53E8003F7B6293
:108F20007B6A23F4D073FB63FB681B680C33FA6B1A
:108F30007A633B63396B7A6B41E80023FB62FB6A1F
:108F4000002BE5D1FB681B6814337B617B6953E818
:108F5000003F3B613B6923F00103BB63FB681B6877
:108F60001433BA6B3A62FB61F9693A6A41E800234B
:108F7000BB61BB69002BE5D1FB68202283F83D2053
:108F8000FB68202283F83E20FB68002283F83C2007
:108F900003230FE0FB681B681A68BB681340BA68BC
:108FA0009A420CBF01230023DBB21A46FB799A4296
:108FB0009FD0002318464037BD4680BD80B485B0A1
:108FC00000AFF860B9601346FB80FB68BA689A622C
:108FD000FB68FA889A85FB68FA88DA85FB680022C4
:108FE0001A64FB68222283F83E20FB68002283F883
:108FF0003C20FB681B69002B07D0FB681B68DA6804
:10900000FB681B6842F48072DA60FB681B685A696F
:10901000FB681B6842F001025A61FB681B68DA6852
:10902000FB681B6842F02002DA6000231846143700
:10903000BD465DF8047B704780B495B000AF7860A2
:109040007B681B680C337B637B6B53E8003F3B639F
:109050003B6B23F49073FB647B681B680C33FA6CE6
:109060003A64FB63F96B3A6C41E80023BB63BB6B6A
:10907000002BE5D17B681B6814333B623B6A53E8E5
:10908000003FFB61FB6923F00103BB647B681B6845
:109090001433BA6CFA62BB62B96AFA6A41E8002317
:1090A0007B627B6A002BE5D17B681B6B012B19D19E
:1090B0007B681B680C33FB60FB6853E8003FBB60B8
:1090C000BB6823F010037B647B681B680C337A6CED
:1090D000BA617B617969BA6941E800233B613B6908
:1090E000002BE5D17B68202283F83E207B6800229C
:1090F0001A6300BF5437BD465DF8047B704780B5E6
:1091000084B000AF78607B689B6BFB60FB680022DB
:10911000DA85FB680022DA84F868FFF7CBFE00BF2F
:109120001037BD4680BD80B485B000AF78607B68E5
:1091300093F83D30DBB2212B3ED17B689B68B3F5C1
:10914000805F14D17B681B69002B10D17B681B6A80
:10915000FB60FB681B881A467B681B68C2F3080229
:109160005A607B681B6A9A1C7B681A6208E07B68FD
:109170001B6A591C7A6811621A787B681B685A60EE
:109180007B68DB8C9BB2013B9BB27A681946D18429
:10919000002B0FD17B681B68DA687B681B6822F0A4
:1091A0008002DA607B681B68DA687B681B6842F0C3
:1091B0004002DA60002300E0022318461437BD465F
:1091C0005DF8047B704780B582B000AF78607B6843
:1091D0001B68DA687B681B6822F04002DA607B68F3
:1091E000202283F83D207868FFF75AFE00231846B6
:1091F0000837BD4680BD80B58CB000AF78607B6815
:1092000093F83E30DBB2222B40F0AB807B689B684A
:10921000B3F5805F17D17B681B69002B13D1002346
:10922000FB627B689B6ABB627B681B685B689BB266
:10923000C3F308039AB2BB6A1A807B689B6A9A1CC4
:109240007B689A6226E07B689B6AFB620023BB62B4
:109250007B689B68B3F5805F07D07B689B68002BB9
:109260000AD17B681B69002B06D17B681B685B6891
:10927000DAB2FB6A1A7008E07B681B685B68DBB2D5
:1092800003F07F03DAB2FB6A1A707B689B6A5A1C90
:109290007B689A627B68DB8D9BB2013B9BB27A68EC
:1092A0001946D185002B5AD17B681B68DA687B6828
:1092B0001B6822F02002DA607B681B68DA687B6832
:1092C0001B6822F48072DA607B681B685A697B68CD
:1092D0001B6822F001025A617B68202283F83E203D
:1092E0007B681B6B012B35D17B6800221A637B687E
:1092F0001B680C337B617B6953E8003F3B613B6932
:1093000023F010037B627B681B680C337A6A3A6235
:10931000FB61F9693A6A41E80023BB61BB69002B34
:10932000E5D17B681B681B6803F01003102B0AD182
:109330000023FB607B681B681B68FB607B681B6805
:109340005B68FB60FB687B689B8D19467868FFF75C
:10935000BBFD02E07868F8F755FD002302E000232A
:1093600000E0022318463037BD4680BD2DE9B04FDE
:10937000C0B000AFC7F8F400D7F8F4301B681B6921
:1093800023F44050D7F8F430D968D7F8F4301A688D
:1093900040EA01031361D7F8F4309A68D7F8F43043
:1093A0001B691A43D7F8F4305B691A43D7F8F430D5
:1093B000DB691343C7F8F830D7F8F4301B68DB6873
:1093C00023F4164121F00C01D7F8F4301A68D7F8CD
:1093D000F8300B43D360D7F8F4301B685B6923F493
:1093E0004070D7F8F4309969D7F8F4301A6840EA39
:1093F00001035361D7F8F4301A688F4B9A4205D0B5
:10940000D7F8F4301A688D4B9A4204D1FDF736FD37
:10941000C7F8FC0003E0FDF71DFDC7F8FC00D7F816
:10942000F430DB69B3F5004F40F00C81D7F8FC3025
:109430000022C7F8E830C7F8EC20D7E93A452246C1
:109440002B469118B9655B41FB65D7E91623214688
:1094500012EB0108294643EB01094FF000024FF0DF
:1094600000034FEAC90343EA58734FEAC802904623
:109470009946234618EB0303C7F8E0302B4649EB27
:109480000303C7F8E430D7F8F4305B680022C7F86C
:10949000D830C7F8DC20D7E936120B46DB183B651D
:1094A000134642EB03037B65D7E91423D7E9380160
:1094B000F7F7EAFB02460B46614BA3FB02235B096D
:1094C0001C01D7F8FC300022C7F8D030C7F8D420F0
:1094D000D7E9348942464B469118B9645B41FB6435
:1094E000D7E91223414612EB010A494643EB010B2F
:1094F0004FF000024FF000034FEACB0343EA5A73E8
:109500004FEACA0292469B4643461AEB0303C7F84A
:10951000C8304B464BEB0303C7F8CC30D7F8F430D8
:109520005B680022C7F8C030C7F8C420D7E9301202
:109530000B46DB183B64134642EB03037B64D7E91D
:109540001023D7E93201F7F79FFB02460B4611467D
:109550003B4BA3FB01235B09642202FB03F3CB1A01
:10956000DB0003F13202364BA3FB02235B095B00F5
:1095700003F4F8731C44D7F8FC300022C7F8B83065
:10958000C7F8BC20D7E92E8942464B469118B963EB
:109590005B41FB63D7E90E234146511839634946C5
:1095A0004B417B634FF000024FF00003D7E90CAB57
:1095B0005946CB00514643EA51735146CA00104602
:1095C0001946034642469B18C7F8B0304B460A4638
:1095D00042EB0303C7F8B430D7F8F4305B680022DD
:1095E000C7F8A830C7F8AC20D7E92A120B46DB1819
:1095F000BB62134642EB0303FB62D7E90A23D7E9B8
:109600002C01F7F741FB02460B460D4BA3FB02135F
:109610005B09642101FB03F3D31ADB003233084AF0
:10962000A2FB03235B0903F00702D7F8F4301B68A1
:1096300022449A6005E100BF00100140001401407F
:109640001F85EB51D7F8FC300022C7F8A030C7F8CF
:10965000A420D7E9288942464B46911839625B41DC
:109660007B62D7E9082341465418494643EB01057C
:109670004FF000024FF00003EB0043EA5473E200A6
:1096800014461D464346E318C7F898304B4645EB51
:109690000303C7F89C30D7F8F4305B680022C7F8A2
:1096A0009030C7F894204FF000024FF00003D7E944
:1096B000244529468B00214643EA917321468A00BE
:1096C000D7E92601F7F7E0FA02460B46604BA3FB09
:1096D00002235B091C01D7F8FC300022C7F8883050
:1096E000C7F88C20D7E9228942464B469118B961C8
:1096F0005B41FB61D7E90623414651183961494670
:109700004B417B614FF000024FF00003D7E904ABFF
:109710005946CB00514643EA51735146CA001046A0
:109720001946034642469B18C7F880304B460A4606
:1097300042EB0303C7F88430D7F8F4305B680022AB
:10974000BB67FA674FF000024FF00003D7E91E89AC
:1097500049468B00414643EA917341468A00D7E966
:109760002001F7F791FA02460B46394BA3FB02138F
:109770005B09642101FB03F3D31A1B013233344A22
:10978000A2FB03235B0903F0F0031C44D7F8FC3071
:1097900000223B677A67D7E91C8942464B469118FD
:1097A000B9605B41FB60D7E902234146511839603B
:1097B00049464B417B604FF000024FF00003D7E970
:1097C00000AB5946CB00514643EA51735146CA009B
:1097D00010461946034642469B18BB664B460A464E
:1097E00042EB0303FB66D7F8F4305B6800223B666C
:1097F0007A664FF000024FF00003D7E91889494616
:109800008B00414643EA917341468A00D7E91A0129
:10981000F7F73AFA02460B460D4BA3FB02135B091E
:10982000642101FB03F3D31A1B013233084AA2FB64
:1098300003235B0903F00F02D7F8F4301B682244BE
:109840009A6000BF07F58077BD46BDE8B08F00BFC6
:109850001F85EB51014B1868704700BF18010020AD
:1098600070B50D4D0D4C641BA4100026A64209D105
:109870000B4D0C4C04F00AFF641BA4100026A642FA
:1098800005D170BD55F8043B98470136EEE755F811
:10989000043B98470136F2E738EC000838EC000842
:1098A00038EC00083CEC00080A44914200F1FF3318
:1098B00000D1704710B511F8014B03F8014F9142E8
:1098C000F9D110BD02440346934200D1704703F81A
:1098D000011BF9E72DE9FF4755EC104B002D0E4613
:1098E00019462B46BBBF05F100431D4600232D231F
:1098F0000B700D9BDDF830A0914623F02008BCBF13
:1099000022461446B8F1460F05D0B8F1450F00D1F4
:109910000136022100E0032103AB019302AB009367
:1099200045EC104B5346324601F0AEFDB8F1470FFF
:10993000074602D119F0010F22D0B8F1460F07EB0C
:10994000060910D13B78302B0AD100220023204693
:109950002946F7F7B9F818B9C6F10106CAF8006048
:10996000DAF8003099440022002320462946F7F710
:10997000ABF808B1CDF80C903022039B4B4507D3D0
:10998000039B0E9ADB1B3846136004B0BDE8F087DA
:10999000591C03911A70F0E7F7B503460029B8BFC8
:1099A000494203F8022BB4BF2D222B220929427011
:1099B0002ADD0DF10704A4460A27A6460A4691FBB4
:1099C000F7F607FB16153035632A04F1FF340EF85D
:1099D000015C3146F1DC3031AEF1020504F8011CC6
:1099E000441C294661450AD30DF10902A2EB0E027F
:1099F000654588BF00221344181A03B0F0BD11F862
:109A0000012B04F8012FEDE7302330318370C17052
:109A1000031DF1E72DE9F04F2DED028B8DB00C46C3
:109A2000DDF8608016461F46054602F08BFED0F832
:109A300000A05046F6F7CCFB00230A932368059359
:109A4000D8F8003094F818B0073323F0070303F177
:109A50000802C8F80020D3E90023C4E91223D4E99E
:109A6000128929F000430793CDF8188008EE100AF8
:109A70009F4BDDE906014FF0FF32F7F757F888BB3F
:109A8000DDE906019A4B4FF0FF32F7F731F848BB9A
:109A90000022002340464946F7F720F810B12D2355
:109AA00084F84330934B9448BBF1470F94BF9846DA
:109AB000804603232361059B23F0040222604FF0BC
:109AC0000009009733460BAA2146284600F0D8F932
:109AD000013040F090804FF0FF300DB0BDEC028BB4
:109AE000BDE8F08F42464B4640464946F7F71EF820
:109AF00040B14B46002BBCBF2D2384F843307F4838
:109B00007F4BD1E763680BF0DF0206925A1C3FD10E
:109B100006236360059B616843F48062002303931E
:109B20000AABCDE901B309AB49EC108B009322607D
:109B30000DF123032846FFF7CDFE069B0999472B1D
:109B4000804608D1C81C02DB6368994241DDABF155
:109B5000020B5FFA8BFBBBF1650F20D801395A4627
:109B600004F150000991FFF717FF0A9A1318012A10
:109B70008146236102DC2268D20701D501332361CB
:109B80009DF82330002B9CD02D2384F8433098E798
:109B9000069A472ABED1002BBCD10123B9E7BBF1FD
:109BA000660F18D1002963680BDD216113B92268A3
:109BB000D00702D501330B442361A1654FF00009A2
:109BC000DEE713B92268D20701D50233F4E7012397
:109BD000F2E74FF0670B0A9B994205DB236821618E
:109BE000D807EAD54B1CE7E70029D4BFC1F1020230
:109BF00001221344E0E723685A0507D4236942464B
:109C000031462846B84701302CD164E7BBF1650FD7
:109C100040F2E080D4E9120100220023F6F754FF5D
:109C2000002834D0374A012331462846B84701304E
:109C30003FF451AFDDE909239A4202DB2368D807DC
:109C400010D518EE103A524631462846B847013032
:109C50003FF441AF4FF0000804F11A090A9B013BA1
:109C6000434509DC23689B0700F10581E0680B9BF5
:109C70009842B8BF184630E701234A463146284685
:109C8000B84701303FF427AF08F10108E6E7099B28
:109C9000002B39DC1B4A012331462846B8470130E6
:109CA0003FF419AFDDE90923134302D12368D90733
:109CB000D8D518EE103A524631462846B8470130FA
:109CC0003FF409AF4FF0000904F11A0A099B5B4207
:109CD0004B4501DC0A9B92E7012352463146284658
:109CE000B84701303FF4F7AE09F10109EEE700BFD4
:109CF000FFFFEF7F1CE7000820E7000828E70008C7
:109D000024E700082CE700080A9AA36D9A42A8BF2E
:109D10001A46002A914637DC4FF0000B29EAE97910
:109D200004F11A02A36D0593A3EB09035B4533DC31
:109D3000DDE909239A423BDB2368DA0738D40A9B22
:109D4000059A09999A1AA3EB01099145A8BF914672
:109D5000B9F1000F35DC4FF0000829EAE97904F188
:109D60001A0ADDE909239B1AA3EB090343457FF790
:109D700079AF0123524631462846B84701303FF4B7
:109D8000AAAE08F10108ECE71346314642462846E0
:109D9000B8470130C0D19EE60123314628460592DE
:109DA000B84701303FF497AE059A0BF1010BB9E7C4
:109DB00018EE103A524631462846B8470130BED117
:109DC00089E6059A4B46424431462846B847013059
:109DD000C1D180E60A9A012A01DCDB0738D50123CC
:109DE000424631462846B84701303FF474AE18EE7B
:109DF000103A524631462846B84701303FF46BAE20
:109E0000D4E9120100220023F6F75EFED8B90A9BBE
:109E100008F10102013B31462846B84701300ED116
:109E200059E60123524631462846B84701303FF4EF
:109E300052AE08F101080A9B013B4345F1DC4B4659
:109E400004F15002DCE64FF0000804F11A0AF2E7D0
:109E500001234246DFE701234A4631462846B847F8
:109E600001303FF438AE08F10108E3680B995B1A42
:109E70004345F0DCFAE64FF0000804F11909F4E775
:109E80002DE9F047164699468A680B69DDF820806F
:109E90009342B8BF1346336091F8432007460C46FF
:109EA0000AB1013333602368990642BF3368023335
:109EB0003360256815F0060506D104F1190AE36838
:109EC00032689B1AAB4226DC94F84320131E2268AA
:109ED00018BF012392062BD404F1430249463846A9
:109EE000C04701301ED02368E568326803F00603DE
:109EF000042B08BFAD1AA36822690CBF25EAE575DB
:109F000000259342C4BF9B1AED1800261A34B542AF
:109F10001AD1002008E00123524649463846C0477E
:109F2000013003D14FF0FF30BDE8F0870135C6E7BF
:109F3000E1185A1C302081F84300224494F845105F
:109F400082F843100233C7E70123224649463846C8
:109F5000C0470130E6D00136D9E700002DE9FF47C0
:109F60000F7E0C9D782F914680460C469A4601F153
:109F7000430207D8622F0AD8002F00F0D880582F4C
:109F800000F0A38004F1420584F842703AE0A7F1A2
:109F90006303152BF6D801A151F823F0F59F0008B3
:109FA00009A00008859F0008859F0008859F00087C
:109FB000859F000809A00008859F0008859F00086C
:109FC000859F0008859F000815A1000839A000089A
:109FD000F7A00008859F0008859F000837A10008AA
:109FE000859F000839A00008859F0008859F00080C
:109FF000FFA000082B681A1D1B682A6004F14205A7
:10A0000084F842300123A3E020682968060601F1A4
:10A0100004030AD50E682B60002E03DA2D23764246
:10A0200084F843305E480A2319E00E682B6010F074
:10A03000400F18BF36B2EFE72B682068191D296062
:10A04000010601D51E6802E04606FBD51E8854486D
:10A050006F2F0CBF08230A23002184F84310656882
:10A06000A560002DA2BF216821F0040121600EB976
:10A07000002D4DD01546B6FBF3F103FB1167C75D0C
:10A0800005F8017D3746BB420E46F4D9082B0BD1AB
:10A090002368DE0708D5236961689942DEBF302353
:10A0A00005F8013C05F1FF35521B2261CDF800A0F7
:10A0B0004B4603AA21464046FFF7E2FE01304CD151
:10A0C0004FF0FF3004B0BDE8F087354881F84570A7
:10A0D0002968236851F8046B29601D0614D5DF0731
:10A0E00044BF43F0200323601EB9236823F02003FC
:10A0F00023601023B0E7236843F020032360782314
:10A10000284884F84530E3E7590648BFB6B2E6E789
:10A110001546BBE72B6826686169181D286035065F
:10A120001B6801D5196002E07006FBD51980002379
:10A1300023611546BAE72B681A1D2A601D686268FC
:10A1400000212846F6F74CF808B1401B60606368B0
:10A150002361002384F84330A8E723692A4649464F
:10A160004046D0470130ABD023689B0713D4E0684A
:10A17000039B9842B8BF1846A4E7012332464946DC
:10A180004046D04701309BD00135E36803995B1A04
:10A19000AB42F2DCEBE7002504F11906F5E700BF5E
:10A1A0002EE700083FE700082DE9F04F87B017467B
:10A1B00003938B685A1EB2F5AE7F83BF6FF4AE7502
:10A1C0005B190293002386BF40F25D138B600293FC
:10A1D0000B688B46002543F4F0634BF81C3BCDE93C
:10A1E000045580460C465E46AA46A9460195A268DB
:10A1F00052B13B681B784E2B64D8402B3CD8A3F15E
:10A200002B01C8B20E283AD9B9F1000F03D0236848
:10A2100023F4807323600AF1FF3ABAF1010F00F2D0
:10A2200013815E4500F205810125284607B0BDE88F
:10A23000F08FA3F161020D2AE6D801A151F822F0B6
:10A240007FA3000809A2000809A2000809A20008CB
:10A25000DFA30008B7A3000809A2000809A20008AC
:10A260008DA3000809A2000809A2000809A200089D
:10A2700009A2000845A30008A3F14102DBE70E296B
:10A28000C2D801A050F821F037A3000809A20008A5
:10A2900037A30008CBA3000809A20008E5A2000824
:10A2A00021A3000821A3000821A3000821A300087E
:10A2B00021A3000821A3000821A3000821A300086E
:10A2C00021A300086E2B09D8602BB2D8542B77D06D
:10A2D000592B99D1072D97D1082529E0742B6FD0E0
:10A2E000792BF6E72168C8051AD5029B21F0800179
:10A2F000216009F101091BB1013B01320293A26007
:10A30000A368013BA3602369013323617B68013BA0
:10A31000002B7B6040F384803B6801333B6066E741
:10A320001AEB050F7FF470AF226822F4C07222602E
:10A3300006F8013BE4E7226810067FF565AF22F0DE
:10A340008002F4E7BAF1000F0ED1B9F1000F0ED17F
:10A35000226802F4E061B1F5E06F08D122F4F06206
:10A3600022604FF0010AE3E7BAF1020F55D0012D48
:10A3700002D0042D7FF448AF0135EDB2D8E7BAF131
:10A38000010F7FF441AF4FF0020AD1E77DB9B9F177
:10A39000000F7FF43CAF226802F4E061B1F5E06F9A
:10A3A0007FF439AF22F4F06222600125C0E7032D6B
:10A3B000E2D0052DDEE7022D7FF426AF0325B7E7B7
:10A3C000062D7FF421AF0725B2E7226891057FF5BE
:10A3D0001BAF22F420722260CDF80490A8E7226817
:10A3E00002F4A061B1F5806F06D050057FF50CAF87
:10A3F000B9F1000F3FF40FAF910558BF019922F456
:10A40000F06258BFA9EB010142F4C07258BFCDE918
:10A41000041622604FF000098AE74FF0030A87E72D
:10A42000D4F8803139464046984700283FF4DFAEE3
:10A43000EAE6D4F87C3116F8011D3A4640469847C2
:10A440002369013B2361ECE66B1E062B25D8022D08
:10A4500036D85E457FF6E8AED4F87C3116F8011D9B
:10A460003A46404698472369013B2361F1E7029849
:10A47000D4F87C3110F8011D02903A4640469847C6
:10A480002369013B23610AF1FF3A5FFA8AFABAF1C4
:10A49000020FECD1033DEDB2761B2368DA052FD510
:10A4A0005B0510D55E457FF6BFAED4F87C3116F85B
:10A4B000011D3A46404698472369013B2361F1E775
:10A4C000AA460296DFE716F8011C2369652903F105
:10A4D000FF3306F1FF3523610CD045290AD0D4F8AB
:10A4E0007C313A4640469847236916F8021C013BE6
:10A4F000B51E2361D4F87C313A46404698472E4633
:10A50000256815F0100559D13570236803F4C06330
:10A51000B3F5806F1BD1019B4B45A3EB090223D1FF
:10A5200000225946404600F099FE2268039B12F033
:10A53000020F57EC106B1B6821D003991A1D0A609B
:10A540001B68C3E90067E3680133E3606DE6049BC1
:10A55000002BE5D005990A232A460131404600F038
:10A5600005FF049B059EC21A04F26F139E4228BF8A
:10A5700004F5B7761249304600F02CF8D0E703997D
:10A5800012F0040F03F104020A60D9D1D3F800805D
:10A5900010EE102A10EE100A3B463946F6F7C6FABE
:10A5A00028B1084800F010F888ED000ACBE73046E3
:10A5B0003946F6F719FBC8F80000C4E7002534E671
:10A5C00050E7000858EB00089FED010A704700BFF4
:10A5D0000000C07F0EB400B59CB01DAB0290069089
:10A5E0006FF00041094807910491094953F8042B81
:10A5F00005910068019302A902F0D6FE029B002299
:10A600001A701CB05DF804EB03B07047180100200D
:10A610000802FFFF70B504460D4645EC104B164688
:10A6200002F020FC51EC100B7EB1C5F30A53C3F1CC
:10A630006B03002B09DD1B0503F17F55002405F595
:10A64000401522462B46F5F7D7FF70BD00000000ED
:10A650002DE9F04F2DED028B9DB01F46002318937E
:10A66000A24B13921B680593044618468846F5F7DB
:10A67000AFFD4FF0000A05464FF0000BCDF85C80AF
:10A68000179B1A782B2A4ED03BD80D2A34D8082A8B
:10A6900034D8002A3ED000230A93179E3378302BFB
:10A6A00040F0B080737803F0DF03582B68D10A9B29
:10A6B000019318AB029700938D4A19AB17A9204656
:10A6C00001F038FD10F00707054605D0062F2CD104
:10A6D0000136002317960A93139B002B40F09085B8
:10A6E0000A9BEBB152460BF1004343EC102B1DB01B
:10A6F000BDEC028BBDE8F08F202ACCD1013317933B
:10A70000BEE72D2AC7D101220A925A1C17925B7804
:10A71000002BC2D1139BCDF85C80002B40F06E85DE
:10A7200052465B46E1E70022EEE7189A3AB135213E
:10A730001AA802F0A2FC1899204602F061F8013F25
:10A74000042F06D8DFE807F00A0314170A00DDE932
:10A750001AAB2807C0D54BF0004BBDE7DDE91AA3C3
:10A76000199A23F4801302F2334243EA025BF0E7C2
:10A77000DFF880B1EDE76FF0004B4FF0FF3AE8E70C
:10A78000179B5A1C17925B78302BF9D0002BA3D063
:10A7900001234FF000090493179B0893CDF81C90F8
:10A7A0004F460A2217980678A6F13003D9B2092934
:10A7B0002AD905992A4602F00FFF98B300203246A5
:10A7C0003D4605900346652A01D0452A18D11DB99A
:10A7D000049A02439ED00025DDF85C8008F1010256
:10A7E000179298F801202B2A75D02D2A7BD04FF094
:10A7F000000CA2F13001092940F28280CDF85C8082
:10A8000000269DE00023C4E7082FD8BF079900F178
:10A810000100DABF02FB0133079302FB093901375C
:10A820001790BFE7179B5A1917925A5D002F37D020
:10A8300005903D46A2F13003092B12D90123C2E74E
:10A84000179B5A1C17925A780130302AF8D0A2F17F
:10A850003103082B00F2D984179B05900020089340
:10A860000546303A00F1010314D0059919440591C9
:10A870002B4600EB050E0A21734513D12B18082B2C
:10A8800005F1010505441CDC07990A2303FB01239C
:10A8900007930023179A511C179152781846C9E75D
:10A8A0003846D2E7082B04DC079E4E430796013357
:10A8B000E2E703F1010CBCF1100FD8BF01FB09F96D
:10A8C000F5E7102DDCBF0A2303FB0929E1E700238C
:10A8D000059301237CE74FF0000C08F10202179268
:10A8E00098F8022085E74FF0010CF6E7A0E9000890
:10A8F00058E700080000F07F179A511C1791527812
:10A90000302AF9D0A2F1310108293FF679AFA2F13E
:10A91000300E179A0692179A511C17915278A2F18D
:10A920003006092E37D9069E891B082944F61F6672
:10A9300002DC7645A8BF7646BCF1000F00D0764217
:10A94000002D4DD1049901437FF4C6AE002B7FF456
:10A95000E1AE692A27D024DC492A24D04E2A7FF48C
:10A96000D9AE9F4917A801F03DFE00283FF4D2AEB2
:10A97000179B1B78282B2DD19A491AAA17A801F0EA
:10A9800045FE052826D11B9BDDF868A043F0FF4B50
:10A990004BF4E00BA0E60A2101FB0E2EAEF1300EC7
:10A9A000B9E76E2ADBE7904917A801F01BFE0028E3
:10A9B0003FF4B0AE179B8D49013B17A8179301F0E8
:10A9C00011FE10B9179B01331793DFF830B24FF027
:10A9D000000A81E6864802F0E7FD5BEC10AB7BE6FF
:10A9E000059B0798F31A002F08BF2F46102D0693DA
:10A9F000A846A8BF4FF01008F5F784FD092D824640
:10AA00008B4613DD7B4B03EBC80353E91223F5F7A9
:10AA1000F3FD824648468B46F5F774FD02460B4629
:10AA200050465946F5F732FC82468B460F2D38DCEE
:10AA3000069B002B3FF450AE24DD162B0BDC6D493A
:10AA400001EBC301D1E9000152465B46F5F7D4FDA5
:10AA500082468B4640E6069AC5F12503934220DBE9
:10AA6000644CC5F10F0504EBC50152465B46D1E9C4
:10AA70000001F5F7C1FD069B5D1B04EBC504D4E99D
:10AA80000023E3E7069B16330BDB059B9E1B594B0C
:10AA900003EBC606D6E9002350465946F5F7D6FE25
:10AAA000D6E7069BA5EB08089844B8F1000F74DDC3
:10AAB00018F00F030AD04F4901EBC30152465B4621
:10AAC000D1E90001F5F798FD82468B4638F00F0872
:10AAD0004FD0B8F59A7F22DD00252E4607950595C3
:10AAE0002223DFF818B123604FF0000A079B002BE8
:10AAF0003FF4F2AD1899204601F082FE05992046F8
:10AB000001F07EFE3146204601F07AFE079920468C
:10AB100001F076FE2946204601F072FEDCE5364B58
:10AB2000049300234FEA2818504659469946B8F135
:10AB3000010F21DC0BB182468B462F4BABF1547BCE
:10AB400003EBC90952465B46D9E90001F5F754FD0C
:10AB50002A4B0A460B402A498B428246BCD8A1F5B3
:10AB600080118B4286BFDFF89CB04FF0FF3A02F1B4
:10AB7000547B0023049384E018F0010F05D0049B5C
:10AB8000D3E90023F5F738FD0123049A083209F1CF
:10AB900001094FEA68080492C9E7EAD0C8F1000841
:10ABA00018F00F020AD0134B03EBC203504659466C
:10ABB000D3E90023F5F74AFE82468B465FEA281860
:10ABC000D7D0B8F11F0F1FDD00252E46079505953C
:10ABD00022234FF0000A4FF0000B236086E700BFEE
:10ABE00029E700086CE7000821E70008ACE8000846
:10ABF00058EB000838EA000810EA00080000F07F6F
:10AC00000000A07CFFFFEF7F18F0100318BF6A233D
:10AC1000DFF8AC93049350465946002318F0010F17
:10AC200004D0D9E90023F5F7E7FC01235FEA6808BF
:10AC300009F10809F2D10BB182468B46049BC3B1DE
:10AC4000CBF30A52C2F16B03002B594611DD1F2BC7
:10AC500040F32481342BDEBFC2F14B024FF0FF33AF
:10AC600003FA02F24FF0000ACCBF4FF05C7B02EA1D
:10AC7000010B0022002350465946F5F725FF002816
:10AC8000A2D1079B009308992B463A46204601F033
:10AC90001FFE079000283FF41FAF059B9E1B069BDD
:10ACA000002BB4BF334600230C93069B002523EAF8
:10ACB000E37312932E46079B2046596801F060FD0E
:10ACC000059000283FF40CAF079B1A69023203F18C
:10ACD0000C0192000C30FEF7E7FD4BEC10AB1AAA0A
:10ACE00019A9204602F03AF94BEC18AB189000284D
:10ACF0003FF4F6AE0121204601F084FE064600280E
:10AD00003FF4EEAE199B0499002BABBF0C9A129A3C
:10AD1000129FDDF83090ACBF03EB0209D71A1A9AE4
:10AD2000A3EB01089044A14B08F1FF389845C2F10C
:10AD3000360280F2C780A3EB08031F2BA2EB0302AD
:10AD40004FF0010100F3B18001FA03F30D930023EA
:10AD5000089309EB0208049BC14517441F444B4666
:10AD6000A8BF4346BB42A8BF3B46002BC2BFA8EBCF
:10AD70000308FF1AA9EB03090C9B002B17DD3146D2
:10AD80001A46204601F0FEFE064600283FF4A8AE13
:10AD90000146189A204601F04BFE0B9000283FF424
:10ADA0009FAE1899204601F02BFD0B9B1893B8F12C
:10ADB000000F00F38C80069B002B08DD129A05998A
:10ADC000204601F0DFFE059000283FF489AE002FF9
:10ADD00008DD05993A46204601F02EFF059000282F
:10ADE0003FF47EAEB9F1000F08DD31464A462046F9
:10ADF00001F022FF064600283FF472AE059A18992A
:10AE0000204601F0A5FF054600283FF469AEC3685F
:10AE10000B930023C360314601F07EFF002860DA07
:10AE20000B9B53EA0A0340F08280CBF31303002B01
:10AE30007DD12BF000431B0D1B05B3F1D66F76D9E6
:10AE40006B6913B92B69012B71DD2946012220465C
:10AE500001F0F2FE3146054601F05EFF002866DD96
:10AE60000499534A5B46002900F0818002EA0B01F5
:10AE7000B1F1D66F7BDCB1F15C7F7FF7A9AE4D4BB2
:10AE8000504659460022F5F7B7FB0B46034308BF6F
:10AE9000222382468B4608BF23602BE64FF0FF3209
:10AEA00002FA03F303EA0A0AE3E6C8F17F4808F569
:10AEB0007F0808F57B4808F1E20801FA08F30893D7
:10AEC0000D9146E70023089301230D9341E718995C
:10AED0004246204601F0B0FE189000287FF46BAF88
:10AEE000FEE55F466ED10B9ACBF3130342B3324AB1
:10AEF000934228D1049B5146EBB12D4B3B40B3F11B
:10AF0000D46F4FF0FF3219D81B0DC3F16B0302FA57
:10AF100003F3994217D1294B9F4202D101313FF4EB
:10AF2000DFAD234B3B4003F5801B4FF0000A049B31
:10AF3000002BA4D1DEE54FF0FF33EAE71346E8E744
:10AF400053EA0A038CD0089BDBB13B42EFD00B9B4A
:10AF5000049A50465946C3B1FFF75CFB02460B46C4
:10AF600051EC180BF5F792F982468B46DFE7134058
:10AF7000A3F580136FEA135B6FEA0B5B4FF0FF3AA8
:10AF8000D5E70D9B13EA0A0FE0E7FFF743FB024604
:10AF90000B4651EC180BF5F777F900220023824697
:10AFA0008B46F5F791FD0028C1D011E602FCFFFFAA
:10AFB0000000F07F00005039FFFF0F00FFFFEF7F20
:10AFC00080E700083146284602F024F859EC108B3F
:10AFD00010EE100A00224FF080434946F5F788FD35
:10AFE00000287AD00B9B002B4AD0954B0022CDE94C
:10AFF0000823DFF84C924FF00008924B3B400D9332
:10B000000D9A914B9A4240F0B080DDE90801A7F11A
:10B01000547B4BEC10ABCDE9080101F023FFDDE9D7
:10B02000080153EC102BF5F7E7FA52465B46F5F7AB
:10B030002DF90B468349854A19409142824660D9D1
:10B0400018EE903A02F15472934204D118EE103A7D
:10B0500001333FF445ADDFF800B24FF0FF3A1899E5
:10B06000204601F0CDFB0599204601F0C9FB314691
:10B07000204601F0C5FB2946204601F0C1FB1AE637
:10B08000BAF1000F1BD1CBF31303F3B96C4B0022C1
:10B0900040464946F5F722FDD0B9404649466C4B3B
:10B0A0000022F5F7A9FA8046894609F10043CDF858
:10B0B00050801593DDE91423CDE908239DE7BAF10B
:10B0C000010F02D1002F3FF483AD624B00228EE7C7
:10B0D000DFF87C914FF00008E7E75D4B40464946BA
:10B0E0000022F5F789FA0B9B8046894633B901F1B6
:10B0F00000430E900F93DDE90E23DDE7CDE90E89C5
:10B10000F9E703F1547B049B002BA8D12BF00043FB
:10B110000D9A1B0D1B059A42A1D140464946F5F7F1
:10B12000CBFDF5F73BFA02460B4640464946F5F79C
:10B13000ABF80B9ACBF3130343EA0A03134380469D
:10B14000894655D036A3D3E90023F5F7C7FC00287C
:10B150007FF4D0AC34A3D3E9002340464946F5F749
:10B16000DBFC00283FF47BAFC4E4049B33B30D9BAE
:10B17000B3F1D46F22D82EA3D3E900234046494629
:10B18000F5F7B6FCA0B149464046F5F70DFD01289C
:10B1900038BF0120F5F7B6F90B9B8046894623BBE3
:10B1A00001F1004310901193DDE91023CDE908234C
:10B1B000099B0D9A03F1D6639B1A0993DDE90801F7
:10B1C000B0EE480AF0EE680ACDE9080101F04AFE47
:10B1D000DDE9080153EC102BF5F70EFA53EC182BB0
:10B1E000F5F754F882468B468DE7CDE91089DBE709
:10B1F00011A3D3E90023F5F771FCB2E700230A930A
:10B20000139A179B1360FFF76BBA652A3FF45FAB85
:10B21000452A3FF45CAB0123FFF794BBAFF30080FA
:10B220009535A094FFFFDF3F35E5AF350000E03FE7
:10B230000000C0FFFFFFDF419535A094FFFFCF3F27
:10B240000000F03F0000F07F0000E07FFFFF9F7CE8
:10B250000000E03F0000F0BFFFFFEF7F014BFFF772
:10B26000F7B900BF80010020012B2DE9F04701D084
:10B27000242B06D9FEF7EEFA162303600020BDE862
:10B28000F087DFF8E4C00D462E4615F8014B14F8A0
:10B290000C7017F00807F7D12D2C32D12C7801272C
:10B2A000B51C002B5BD0102B09D1302C07D12C788A
:10B2B00004F0DF04582C4DD16C781023023507F1CF
:10B2C000004808F1FF384FF0000CB8FBF3F9664670
:10B2D00003FB198AA4F1300EBEF1090F16D874468B
:10B2E000A34224DDBCF1000F1EDBB1451CD301D10C
:10B2F000A24519DB06FB03464FF0010C15F8014B84
:10B30000E8E72B2C04BF2C78B51CCAE7A4F1410E4A
:10B31000BEF1190F01D8373CE2E7A4F1610EBEF18E
:10B32000190F04D8573CDBE74FF0FF3CE6E7BCF1D0
:10B33000000F05DA22230360464642B930469EE7F5
:10B3400007B17642002AF9D0BCF1000F00D0691E87
:10B350001160F3E73024002BB1D10823AFE7302C84
:10B36000A5D00A23ABE700BFA9E70008FFF77CBF21
:10B370002DE9F74F03690C69A3420746C0F28180AB
:10B38000013C01F1140800F1140505EB840301935D
:10B3900058F8243055F8242001339A424FEA840BA0
:10B3A00008EB8409B2FBF3F631D34FF0000E4046B0
:10B3B000AC46F24650F8042B93B206FB03E34FEA87
:10B3C000134E9BB2AAEB0303DCF800A0120C13FA95
:10B3D0008AF306FB02E20093009B4FEA124E92B200
:10B3E000C2EB1A4202EB2342BDF80030814543EA2A
:10B3F00002434CF8043B4FEA224ADBD255F80B30AB
:10B400002BB9019B043B9D421A462ED33C61384622
:10B4100001F082FC002824DB013628464FF0000CA6
:10B4200058F8042BD0F800E093B2ACEB0303120CF5
:10B4300013FA8EF3C2EB1E4202EB23429BB243EAA5
:10B440000243C14540F8043B4FEA224CE8D255F88C
:10B45000242005EB840322B9043B9D421A460AD3FB
:10B460003C61304603B0BDE8F08F1268043B002A0F
:10B47000CCD1013CC7E71268043B002AF0D1013C63
:10B48000EBE70020EEE700002DE9F04F2DED048BF7
:10B4900057EC106B93B0456ADDF88080069110EE92
:10B4A00010AA044609920C93BB4675B9102001F00E
:10B4B0004DF90246606220B9A74BEA21A74802F085
:10B4C000ADF8C0E901550560C560636A196851B1FE
:10B4D0005A684A60012393408B60204601F090F93E
:10B4E000636A00221A603B1EAABF002323F0004BB0
:10B4F000C8F800309A4BBCBF0122C8F8002033EADC
:10B500000B031BD10C9A42F20F731360CBF313039E
:10B51000334300F09285219B63B9924B22E0924B1A
:10B5200001930833219A1360019813B0BDEC048B8A
:10B53000BDE8F08F8B4B01930333F3E70022002328
:10B5400050465946F5F7C0FA4BEC19AB804658B156
:10B550000C9A01231360219B002B00F06B8583481C
:10B560001860431E0193DFE74BEC10AB10AA11A942
:10B57000204601F0F3FCCBF30A5508EE100A002D2B
:10B5800000F0848019EE903AC3F3130343F07F5721
:10B59000564647F44017A5F2FF35CDF83880744B76
:10B5A000002230463946F4F76FFE65A3D3E9002345
:10B5B000F5F722F864A3D3E90023F4F767FE064603
:10B5C00028460F46F4F7AEFF61A3D3E90023F5F751
:10B5D00013F802460B4630463946F4F757FE064646
:10B5E0000F46F5F7B9FA002200900023304639469D
:10B5F000F5F774FA50B10098F4F794FF32463B46E1
:10B60000F5F762FA10B9009B013B0093009B162BE3
:10B610005AD8009A574B03EBC203D3E9002351ECED
:10B62000190BF5F75BFA002850D0009B013B009303
:10B6300000230B93109B5D1B6B1E059345BFC5F14B
:10B6400001030493002300234CBF05930493009B44
:10B65000002B3DDB059B009A0A92134405930023BF
:10B660000793069B092B00F28980052BC4BF043B7E
:10B670000693069BA3F10203CCBF00250125032BF3
:10B6800000F28780DFE803F02D3A3859DDE91053E6
:10B690001D4405F23243202BC1BFC3F1400305F224
:10B6A00012400BFA03F326FA00F0DABFC3F12003CD
:10B6B00006FA03F01843F4F725FF01230646A1F12B
:10B6C000F877013D0E936AE70123B2E70B90B1E7EB
:10B6D000049B009A9B1A04935342079300230A93F6
:10B6E000BFE700230893099B002B55DC0123CDE91C
:10B6F00002331A4609920CE00123F3E70023099A6A
:10B700000893009B134402930133012B0393B8BFAA
:10B710000123606A00224260042202F114069E4264
:10B7200041683DD9204601F02BF8019000283BD11B
:10B73000114B02464FF4D571C0E60123DFE700BF8D
:10B7400061436F63A787D23FB3C8608B288AC63F27
:10B75000FB799F501344D33FB6E80008CDE80008BA
:10B760000000F07FB2E80008A9E800082DE7000813
:10B770000000F83F38EA000828E900080125002306
:10B78000069308954FF0FF33CDE9023300221223D0
:10B79000B0E701230893F5E7099BCDE90233B8E749
:10B7A000013141605200B8E7636A019A1A60039B55
:10B7B0000E2B00F29D80002D00F09A80009B002B44
:10B7C00032DDB74A03F00F0302EBC303D3E900896C
:10B7D000009BD8054FEA231716D5B24B51EC190B35
:10B7E000D3E90823F5F732F807F00F0782468B46B6
:10B7F0000325AC4E57B942464B4650465946F5F7DD
:10B8000025F882468B4628E00225F2E7F90708D59D
:10B8100040464946D6E90023F4F7EEFE013580465E
:10B8200089467F100836E5E700F09B80009B9D4F1E
:10B830005E429B4B06F00F0203EBC203D3E90023E9
:10B8400051EC190BF4F7D8FE361182468B460023D3
:10B850000225002E7AD1002BD3D10B9B002B00F0B8
:10B860008280914B002250465946F5F737F900285F
:10B8700079D0039B002B76D0029B002B36DD009BFA
:10B88000504659465F1E0022884BF4F7B5FE029ED3
:10B8900082468B4601352846F4F744FE52465B4605
:10B8A000F4F7AAFE824B0022F4F7F0FCD046D9460A
:10B8B0008246A1F1507B002E58D17E4B002240469B
:10B8C0004946F4F7E1FC52465B4680468946F5F767
:10B8D00023F9002840F0958252460BF10043404680
:10B8E0004946F5F7FBF8002840F089825BEC19AB7C
:10B8F000119B002BC0F24881009A0E2A00F344816C
:10B90000674B03EBC203D3E90089099B002B80F24C
:10B91000D580039B002B00F3D18040F06F82654BF4
:10B92000002240464946F4F767FE52465B46F5F76B
:10B93000E9F8039E3746002840F04582019D3123F7
:10B9400005F8013B009B0133009340E2F20705D567
:10B95000D7E90023F4F750FE0135012376100837AC
:10B9600077E7022579E7009F039E94E701994C4B06
:10B9700031440D91089903EBC60353E902230029D2
:10B9800043D04D490020F4F761FF52465B46F4F77F
:10B990007BFC019D82468B4649464046F5F7DCF824
:10B9A0000646F4F7BFFD02460B4640464946F4F70B
:10B9B0006BFC303605F8016B52465B468046894683
:10B9C000F5F78CF8002863D142464B4636490020F3
:10B9D000F4F75AFC52465B46F5F780F8002840F031
:10B9E000B5800D9B9D4281D0304B00225046594678
:10B9F000F4F702FE2D4B82468B4640464946002214
:10BA0000F4F7FAFD80468946C6E750465946F4F7F2
:10BA1000F3FD0D9B019D0F9382468B4649464046A0
:10BA2000F5F79AF80646F4F77DFD303602460B46E8
:10BA300040464946F4F728FC05F8016B0D9B9D42F2
:10BA4000804689464FF0000224D11B4B5046594690
:10BA5000F4F71CFC02460B4640464946F5F75CF8F5
:10BA6000002873D152465B4613490020F4F70CFCC2
:10BA700002460B4640464946F5F730F800283FF4A9
:10BA800035AF0F9D6B1E0F9315F8013C302BF8D08E
:10BA9000009749E0054BF4F7AFFD80468946BDE7C6
:10BAA00038EA000810EA00080000F03F00002440D7
:10BAB00000001C40000014400000E03F019D56467D
:10BAC0005F4642464B4630463946F4F7BFFEF5F72F
:10BAD00043F88246F4F726FD42464B46F4F78CFDC8
:10BAE00002460B46304639460AF13006F4F7CCFBE5
:10BAF00005F8016B019E039FAE1BB74202460B4641
:10BB000035D1F4F7C3FB42464B4606460F46F5F7E0
:10BB100003F8D0B942464B4630463946F4F7D4FFD5
:10BB200010B11AF0010F10D1204618EE101A00F0D3
:10BB300067FE002300982B700C9B01301860219B3E
:10BB4000002B3FF4F1AC1D60EEE4009F2B461D4638
:10BB500013F8012D392A06D1019A9A42F7D1019999
:10BB6000302201370A701A7801321A7090E7A64B1A
:10BB70000022F4F741FD0022002306460F46F4F7A9
:10BB8000A3FF00289DD0CFE7089A002A00F0D780B5
:10BB9000069A012A00F3BA800E9A002A00F0B280B9
:10BBA00003F23343079E049D049A1A440492059AB3
:10BBB00001211A442046059200F024FF0746002D7B
:10BBC0000CDD059B002B09DDAB42049AA8BF2B4678
:10BBD000D21A0492059AED1AD31A0593079B1BB348
:10BBE000089B002B00F0AF80002E13DD3946324653
:10BBF000204600F0C7FF18EE102A014607462046EF
:10BC000000F016FF18EE101A8046204600F0F8FDEE
:10BC100008EE108A079B9A1B06D018EE101A2046D1
:10BC200000F0B0FF08EE100A0121204600F0EAFE05
:10BC30000A9B002B064640F388801A4601462046A0
:10BC400000F0A0FF069B012B064640F381804FF0D9
:10BC50000008336906EB8303186900F083FEC0F126
:10BC60002000059B184410F01F0000F09280C0F1E6
:10BC70002003042B40F38A80C0F11C00049B034482
:10BC80000493059B034405440593049B002B07DDA7
:10BC900018EE101A1A46204600F0CEFF08EE100AE1
:10BCA000059B002B05DD31461A46204600F0C4FFF7
:10BCB00006460B9B002B6ED018EE100A314601F0A1
:10BCC0002BF8002867DA009B013B18EE101A00934E
:10BCD0000A220023204600F0B5FD089B08EE100A5A
:10BCE000002B00F0B181002339460A22204600F0E3
:10BCF000A9FD029B002B074600F38E80069B022BBA
:10BD000051DC89E0109BC3F136034BE7039B5E1EB9
:10BD1000079BB342BFBF079B0796F21A0A9BB6BFA9
:10BD20009B189E1B0A93039BB8BF0026002BB7BF2E
:10BD3000DDE90323DDE903359D1A002334E7079E7F
:10BD4000049D089F3BE7079A67E7069B012B18DCD9
:10BD5000BAF1000F15D1CBF3130393B92BF00043C5
:10BD60001B0D1B0583B1049B01330493059B013319
:10BD700005934FF001080A9B002B7FF46AAF012066
:10BD80006FE74FF00008F6E79846F4E73FF47DAF21
:10BD900018461C3072E7039B002B37DC069B022BF6
:10BDA00034DD039B0293029B6BB93146052220468A
:10BDB00000F048FD0146064618EE100A00F0ACFF00
:10BDC00000283FF7BBAD099B019DDB4300934FF07B
:10BDD00000083146204600F013FD002F3FF4A4AECA
:10BDE000B8F1000F05D0B84503D04146204600F019
:10BDF00007FD3946204600F003FD95E6002637464C
:10BE0000E1E70097374699E500002440089B002BA6
:10BE100000F0CA80039B0293002D05DD39462A46B7
:10BE2000204600F009FF0746B8F1000F5BD07968A3
:10BE3000204600F0A5FC054628B9874B024640F293
:10BE4000EA21FFF73BBB3A690232920007F10C018D
:10BE50000C30FDF729FD01222946204600F0ECFEBA
:10BE6000019B03F10109DDE90123134405930AF065
:10BE70000103B84604930746314618EE100AFFF74F
:10BE800077FA4146029000F1300A18EE100A00F0ED
:10BE900043FF3A4603903146204600F059FFC268FE
:10BEA00009F1FF3B054602BB014618EE100A00F0FF
:10BEB00033FF024629462046079200F0A1FCDDE947
:10BEC000063243EA0201049B0B434D460FD1BAF1FF
:10BED000390F2AD0039B002B02DD029B03F1310AAC
:10BEE0008BF800A075E73846BAE70122E2E7039B2A
:10BEF000002B04DB06990B4304990B4322D1002A43
:10BF0000EEDD18EE101A0122204600F095FE3146B3
:10BF100008EE100A00F000FF002803DCE0D11AF060
:10BF2000010FDDD0BAF1390FD7D139238BF80030AA
:10BF30002B461D46013B15F8012C392A71D00132E0
:10BF40001A7046E7002A07DDBAF1390FEDD00AF181
:10BF500001038BF800303CE7059B09F801AC9945DB
:10BF600047D018EE101A00230A22204600F06AFC7F
:10BF7000B84508EE100A4FF000034FF00A024146A0
:10BF8000204606D100F05EFC8046074609F1010913
:10BF900072E700F057FC3946804600230A2220460B
:10BFA00000F050FC0746F1E7039B0293019D18EE59
:10BFB000100A3146FFF7DCF900F1300A019B05F861
:10BFC00001ABEA1A029B934209DD18EE101A002316
:10BFD0000A22204600F036FC08EE100AE7E7029B32
:10BFE000002BC8BF1D46019BD8BF01251D444FF043
:10BFF000000818EE101A0122204600F01DFE3146FE
:10C0000008EE100A00F088FE002891DC02D11AF038
:10C01000010F8DD12B461D4613F8012D302AFAD081
:10C02000D7E6019A9A4284D1009B013300933123D1
:10C030001370CEE6094BFFF795BA219B002B7FF4D6
:10C040006EAA074BFFF78EBA029B002BAEDC069B55
:10C05000022B3FF7A8AEA9E728E900082CE7000863
:10C06000A9E800080369B3EB611F2DE9F0434FEA2B
:10C07000611200F1140445DD11F01F0104EB830689
:10C0800004EB82050CD100F110072946B14234D3EC
:10C090009B1A9B00EA1E964238BF0023234415E0FA
:10C0A00054F82270C1F12008CF4005F1040EA146DA
:10C0B0007645F44615D89A1A9200043A0135AE42F4
:10C0C00038BF0022A318A75007B104331A1BA3429C
:10C0D0004FEAA20208BF0023026108BF4361BDE826
:10C0E000F083DCF800C00CFA08FC4CEA070749F8BA
:10C0F000047B5EF8047BCF40DAE751F804CB47F8C5
:10C1000004CFC3E72346E1E7A0F13003092B02D8AF
:10C110002038C0B27047A0F16103052B01D8473821
:10C12000F7E7A0F14103052B01D82738F1E70020FC
:10C13000704700002DE9F04F2DED028B89B008EE1D
:10C14000100A0493B44B1B68019318468B46904623
:10C15000F4F73EF8019BDBF800200344824613F815
:10C16000013C0593931CC2F1FF2202F57F02FE32CF
:10C17000D1181F4613F8010B00913028F8D0FFF7B3
:10C18000C3FF044600283AD101995246384601F0CF
:10C1900023FA0546002868D117F80A0007EB0A06BB
:10C1A000FFF7B2FF002862D03346187830281F46C8
:10C1B00003F10103F9D0FFF7A7FF0123B0FA80F4E0
:10C1C0006409354600933A46164601323078FFF747
:10C1D0009BFF0028F8D101995246304601F0FCF946
:10C1E00080B94DB906EB0A052A4616460132307869
:10C1F000FFF78AFF0028F8D1AD1BAD0004E0002452
:10C200002546E0E7002DF7D1337803F0DF03502B0C
:10C210003BD173782B2B2CD02D2B2ED0711C4FF0B3
:10C2200000090878FFF770FF431EDBB2182B2CD8EB
:10C23000A0F1100211F8010FFFF766FF431EDBB2F9
:10C24000182B1DD9B9F1000F00D052421544CBF87C
:10C250000010E4B1009B002B14BF002706273846CE
:10C2600009B0BDEC028BBDE8F08F3E4625460124A7
:10C27000CAE74FF00009B11CD3E74FF00109FAE714
:10C280000A2303FB0202103AD4E73146DFE7F31B2F
:10C29000013B2146072B0BDC18EE100A00F070FA68
:10C2A000044640B95D4B0246DE215D4801F0B6F917
:10C2B00001315B10EEE700F114094FF0000BCAF1F9
:10C2C0000103CDF80890CDF800B00693B74240D3F3
:10C2D0000298009B40F8043BA0EB09008010460147
:10C2E0002061184600F03EFB301AD8F80060B042DA
:10C2F00063DD871B3946204600F0E2FE8246A8B186
:10C300007B1E591103F01F0259F821104FF0010A4A
:10C310000AFA02F20A4209D0534505DDB91E204649
:10C3200000F0CEFE002845D14FF0020A39462046E3
:10C33000FFF798FE3D44D8F80830AB424CDA18EECF
:10C34000100A214600F05CFA149A00231360A32718
:10C3500085E7731E059A039316F8013C934219D0A2
:10C36000BBF1200F07D1029B009A43F8042B0293E4
:10C37000002300939B4616F8010CFFF7C5FE009BB7
:10C3800000F00F0000FA0BF0034300930BF1040BD5
:10C39000039B0DE0039B069A1344BB42E0D318466F
:10C3A00001990793524601F017F9079B0028D7D14E
:10C3B0001E468BE74FF0030AB8E70ADA371A214620
:10C3C00018EE100A3A4600F037FCED1B044600F167
:10C3D00014094FF0000AAEE7D8F80400A84272DD55
:10C3E000451BAE4236DCD8F80C30022B2AD0032B8A
:10C3F0002CD0012B1CD1AE421AD1012E12D1049A9D
:10C40000D8F80430136001232361C9F80030149B6D
:10C4100062271C6023E700BFA0E9000828E90008A4
:10C4200039E90008711E204600F04AFE0028E6D1D6
:10C4300018EE100A214600F0E3F9149A0023136065
:10C4400050270CE7159B002BF2D1D8E7159B002B4A
:10C45000D5D1EDE76F1EBAF1000F31D127B13946C2
:10C46000204600F02DFE82467B11012159F8233031
:10C4700007F01F0701FA07F71F422946204618BF99
:10C480004AF0020A761BFFF7EDFDD8F804500227A8
:10C49000BAF1000F48D0D8F80C30022B15D0032B7E
:10C4A00017D0012B09D11AF0020F06D0D9F80000DD
:10C4B0004AEA000A1AF0010F0ED147F0100733E0E4
:10C4C0004FF0010AD0E70127E2E7159BC3F1010312
:10C4D0001593159B002BF0D0D4F810B004F1140381
:10C4E0004FEA8B0A03EB8B014FF0000C184653F810
:10C4F000042BB2F1FF3F1CD001320260022F04F185
:10C5000014033FD1D8F80020013AB2420AD1711188
:10C51000012253F8213006F01F0602FA06F61E42E9
:10C5200018BF174647F02007149B1C60049B1D6032
:10C5300095E6994243F804CCD8D8A3689B4519DB0B
:10C54000616818EE100A013100F01AF9814618B935
:10C550001A4B02468421A8E62269023204F10C013A
:10C5600092000C30FDF7A0F9214618EE100A00F0F9
:10C5700047F94C4623695A1C04EB830322610122CC
:10C580005A61BBE722695A450BDD01212046FFF7BE
:10C5900069FDD8F808300135AB42FFF6D0AE01276F
:10C5A000C0E716F01F06FAD05344C6F1200653F830
:10C5B000040C00F0D7F9B042E7DBF0E728E9000807
:10C5C000C2F10802920070B5C2F120064368046807
:10C5D00003FA06F52C43D340046040F8043F884238
:10C5E000F4D370BD30B50368013311F8014B14B9B1
:10C5F0000360012030BD13F8012BA2F14105192D74
:10C6000098BF2032A242F0D00020F3E72DE9F04F8E
:10C610000B685E1102EB860613F01F0387B018BF8C
:10C6200004360025371F904602680193824646F87B
:10C63000045CB9463C460295AB465178531C0393C3
:10C6400041B3084605920491FFF75EFD00284FD1E3
:10C650000499059A202918D8029B9B4513DD4C4567
:10C6600006D2072D04DC2A4649462046FFF7A8FFDC
:10C67000444550D90023A4F1040944F8043CCDF802
:10C6800008B04C461D46039AD7E7292956D10232F5
:10C69000CAF80020BBF1000F50D04C4506D2072D40
:10C6A00004DC2A4649462046FFF78AFF444534D930
:10C6B000A8F10402234653F8041B42F8041F9F42CA
:10C6C000F9D23B1B23F0030304330134033EB4428D
:10C6D00088BF04234344002243F8042B9F42FBD22B
:10C6E0003B681BB9474527D101233B60052026E065
:10C6F0000135082D0BF1010B06DD4445C3D900239C
:10C7000044F8043C0125043C226800F00F0040EA94
:10C7100002122260B7E70825B5E7019B002BDFD0A6
:10C720004FF0FF32C3F1200322FA03F356F8042C32
:10C730001A4046F8042CD3E7043FD1E7042007B0A1
:10C74000BDE8F08F0048704770020020024B0146A0
:10C75000186800F059BD00BF1801002082B001B96F
:10C7600001A942B14BB113780B601278101E18BFAB
:10C77000012002B070471046FBE76FF00100F8E7B8
:10C7800070B5466A04460D4676B91020FFF7DEFF05
:10C790000246606220B9184B1848662100F03EFF3F
:10C7A000C0E901660660C660666AF36883B1636AC1
:10C7B000DB6853F82500B8B9012101FA05F6721DAE
:10C7C0009200204600F09DFC60B1C0E901560EE0E9
:10C7D00021220421204600F094FC636AF060DB68AB
:10C7E000002BE4D1002070BD026843F8252000230F
:10C7F000C0E90333F7E700BFB6E80008B4E9000872
:10C8000070B5466A05460C4676B91020FFF79EFFC4
:10C810000246686220B9094B09488A2100F0FEFEF1
:10C82000C0E901660660C6603CB16B6A6268DB689D
:10C8300053F82210216043F8224070BDB6E800088A
:10C84000B4E900082DE9F0410D6907460C461E4683
:10C8500001F1140C0020DCF8003099B202FB0161F8
:10C860001E0C0B0C02FB063389B2013001EB0341B5
:10C8700085424CF8041B4FEA1346ECDC0EB3A36868
:10C88000AB4219DC616838460131FFF779FF804619
:10C8900028B902460C4B0D48B52100F0BFFE2269B5
:10C8A000023204F10C0192000C30FCF7FDFF21462E
:10C8B0003846FFF7A5FF444604EB850301355E616A
:10C8C00025612046BDE8F08128E90008B4E90008A8
:10C8D0002DE9F8430C4615461F4609220833064643
:10C8E00093FBF2F3002101229A4209DB3046FFF765
:10C8F00047FF40B90246194B1948CE2100F08EFE81
:10C9000052000131F0E7089B4361092D4FF001030C
:10C91000036116DD04F10909C8462C4418F8013BEF
:10C920000146303B0A223046FFF78CFFA045F5D187
:10C93000A5F108044C442D1B6319BB4204DBBDE880
:10C94000F8830A340925F6E714F8013B0146303B29
:10C950000A223046FFF776FFEEE700BF28E900081D
:10C96000B4E90008030C1B04D3B90004102310F031
:10C970007F4F04BF0002083310F0704F04BF000166
:10C98000043310F0404F04BF80000233002805DB61
:10C9900010F0804F03F1010308BF202318467047B1
:10C9A0000023E4E7036813F0070201460BD0DA071F
:10C9B00023D4980749BF5B089B0801200B605CBF2C
:10C9C0000B600220704798B2A8B91B0C1020DAB295
:10C9D0000AB908301B0A1A0704BF1B0904309A075A
:10C9E00004BF9B080230DA0703D45B0800F10100A2
:10C9F00005D00B6070471046E9E700207047202003
:10CA00007047000010B50C460121FFF7B9FE024641
:10CA100028B9054B05484FF4A07100F0FFFD012334
:10CA20004461036110BD00BF28E90008B4E90008B3
:10CA30002DE9F04F91460A69D9F810309A42B8BFF3
:10CA40000B460C46BCBF4C4699462769D9F810A046
:10CA5000A368616807EB0A06B34285B0B8BF01312D
:10CA6000FFF78EFE30B90246444B454840F25D1157
:10CA700000F0D4FD00F1140505EB86082B460022DA
:10CA8000434521D304F1140303EB870709F1140391
:10CA900003EB8A0202923A1B153A22F00302043297
:10CAA00004F115018F4238BF04220192029A0393C8
:10CAB0009A420CD8002E03DD58F8043D002B5AD0C2
:10CAC000066105B0BDE8F08F43F8042BD8E7B3F852
:10CAD00000A0BAF1000F24D004F1140EA9464FF0C3
:10CAE000000C5EF8042BD9F800101FFA82FB89B203
:10CAF0000AFB0B114FEA124BD9F8002061444FEAB0
:10CB0000124C0AFB0BC202EB114289B241EA02410C
:10CB1000774549F8041B4FEA124CE2D8019A45F8D0
:10CB200002C0039AB2F802900433B9F1000F20D08A
:10CB3000296804F1140CAE464FF0000ABCF800B0AE
:10CB4000BEF8022009FB0B22924489B241EA0A4155
:10CB50004EF8041B5CF8042BBEF80010120C09FB05
:10CB6000021101EB1A4167454FEA114AE6D8019AD2
:10CB7000A95004359AE7013E9CE700BF28E9000868
:10CB8000B4E900082DE9F843154612F00302064601
:10CB90000F4607D0254C013A002354F82220FFF716
:10CBA00051FE0746AD103DD0746A7CB91020FFF7E6
:10CBB000CDFD0246706228B91D4B1E484FF4D77157
:10CBC00000F02CFDC0E901440460C460D6F8248064
:10CBD000D8F808404CB940F271213046FFF712FFF7
:10CBE0000023C8F80800044603604FF00009EB0773
:10CBF0000AD5394622463046FFF71AFF39468046A5
:10CC00003046FFF7FDFD47466D100BD0206838B960
:10CC1000224621463046FFF70BFF2060C0F8009007
:10CC20000446E4E73846BDE8F88300BF00EB00089F
:10CC3000B6E80008B4E900082DE9F0470C46496859
:10CC4000236903EB6218A368074691464FEA621A0C
:10CC500008F10106B3420BDB3846FFF791FD0546AC
:10CC600048B902462A4B2B4840F2D91100F0D6FCB5
:10CC700001315B00EEE7002300F1140100F1100226
:10CC80001846534537DB20692AEAEA7A04F114038F
:10CC900019F01F0901EB8A0103EB80002FD0C9F1C5
:10CCA000200E8A464FF0000C1A6802FA09F242EA96
:10CCB0000C024AF8042B53F8042B984222FA0EFC7B
:10CCC000F2D8031B153B23F00303043304F11502D0
:10CCD000904238BF042341F803C0BCF1000F01D0DB
:10CCE00008F10206013E38462E612146FFF788FD15
:10CCF0002846BDE8F08742F8040F0133C1E7043944
:10CD000053F8042B41F8042F9842F9D8EAE700BF02
:10CD100028E90008B4E9000830B502690C69121B63
:10CD20000ED100F11403143103EB840001EB8401F4
:10CD300050F8045D51F8044DA54203D005D30122FB
:10CD4000104630BD8342F3D3FAE74FF0FF32F7E7E6
:10CD50002DE9F84F0C460646114620469046FFF74F
:10CD6000DBFF051E10D129463046FFF709FD30B91B
:10CD70003A4B024640F23221394800F04FFC012381
:10CD8000C0E90435BDE8F88FA4BF4346A04630464D
:10CD9000D8F80410A6BF1C4600250125FFF7F0FCBB
:10CDA00020B92E4B02464FF41071E5E7D8F8107009
:10CDB0002669C56004F1140908F1140500F1140E88
:10CDC00005EB870C09EB860608F11002F2460021FC
:10CDD00059F8043B52F804BF1FFA83F811FA8BF19B
:10CDE0001B0CA1EB0808C3EB1B4303EB28431FFA02
:10CDF00088F819144E4548EA03434AF8043BE7D83B
:10CE0000331B153B23F0030304331534A64238BF0C
:10CE100004231D4473449E462E4666450ED30CF1F2
:10CE20000302521B22F00302033DAC4538BF00222F
:10CE30001A4452F8043D7BB10761A3E756F8048B0E
:10CE400011FA88F2141404EB184492B242EA044234
:10CE50004EF8042B2114E0E7013FEAE728E9000837
:10CE6000B4E9000882B08DED000B019B1249194016
:10CE7000A1F15071002905DD00220B4643EC102B77
:10CE800002B070474942B1F1A07F4FEA21504FF004
:10CE900000024FF0000304DA4FF4002141FA00F3DE
:10CEA000ECE7A0F114011E29DABF4FF0004020FA90
:10CEB00001F101210A46E1E70000F07FF8B50569BC
:10CEC00000F1140707EB85052E1F55F8044C20468A
:10CED000FFF748FDC0F120030A28DFF87CC00B6093
:10CEE00014DCC0F10B0E24FA0EF1B74241EA0C0338
:10CEF00034BF55F8081C0021153004FA00F021FA5F
:10CF00000EF140EA010243EC102BF8BDB7423ABFE4
:10CF100055F8081CA5F1080600210B3817D0C0F100
:10CF2000200C04FA00F5BE4221FA0CF445EA04058F
:10CF30008CBF56F8044C002445F07F5301FA00F0F2
:10CF400024FA0CF443F4401340EA0402DBE744EA19
:10CF50000C030A46D7E700BF0000F03F2DE9F74376
:10CF60008946012157EC106B9046FFF709FC0446F7
:10CF700030B90246254B264840F20A3100F04EFBFC
:10CF8000C7F30A55C7F3130335BB002E019328D00E
:10CF900068460096FFF706FD009900B3019AC0F1BC
:10CFA000200302FA03F30B43C24063610192019B29
:10CFB000A361002B14BF022201222261D5B1A5F288
:10CFC00033450544C9F80050C0F13500C8F80000E9
:10CFD000204603B0BDE8F08343F48013D5E76161D8
:10CFE000E5E701A8FFF7DEFC019B636101222261F6
:10CFF0002030E3E704EB8203A0F23240C9F80000DE
:10D000001869FFF7AFFCC0EB4210DFE728E9000822
:10D01000B4E900082DE9F74F884669468146FFF7D5
:10D020004DFF01A9404655EC104BFFF747FFD9F8DB
:10D030001030D8F81020A3EB020CDDE900329B1A67
:10D0400003EB4C1351EC100B002BD6BF0A462A46BB
:10D05000C3EB03338B462F46D4BF02EB035B02EBDB
:10D060000357204610EE102A5B463946F3F7EEFBD5
:10D0700041EC100B03B0BDE8F08F013970B54911D8
:10D080001469013102F1140300EB810103EB840404
:10D09000051FA3420CD3A31A113B23F00303113243
:10D0A000A24288BF002318440023884205D370BDE4
:10D0B00053F8046B45F8046FEBE740F8043BF4E7E2
:10D0C00000F1140200694B11984210B511DB0ADD22
:10D0D00011F01F0107D052F8234024FA01F000FAA2
:10D0E00001F18C420BD102EB8303934203D8002061
:10D0F00010BD0346F7E753F8041D0029F5D00120C1
:10D10000F6E737B5A1FB02244CB91146019200F0B5
:10D110007BF8019A054630B9284603B030BD0C2291
:10D1200002600025F8E72146FCF7CCFBF4E700009D
:10D1300037B5002944D051F8043C0190002BA1F1EF
:10D140000404B8BFE41800F0B3FA1E4A019813684B
:10D1500033B96360146003B0BDE8304000F0AEBA8C
:10D16000A34208D9256861198B4201BF19685B6821
:10D1700049192160EDE71A465B680BB1A342FAD961
:10D1800011685518A5420BD1246821445418A342B4
:10D190001160E0D11C685B68536021441160DAE7DC
:10D1A00002D90C230360D6E7256861198B4204BFBE
:10D1B00019685B68636004BF491921605460CAE75D
:10D1C00003B030BDDC0F002070B50E4E0C46316848
:10D1D000054611B900F0F0F930602146284600F00C
:10D1E000EBF9431C0AD0C41C24F00304A04207D06E
:10D1F000211A284600F0E0F9013001D14FF0FF3448
:10D20000204670BDE00F00202DE9F041CD1C25F037
:10D21000030508350C2D38BF0C25002D074601DB12
:10D22000A94205D90C233B6000263046BDE8F081B9
:10D230002E4E00F03DFA33681C4634BB2946384672
:10D24000FFF7C2FF431C04464DD134682646002E2A
:10D2500040D123683146384604EB030800F0ACF9AE
:10D2600080453AD1216803356D1A25F0030508354C
:10D270000C2D38BF0C2529463846FFF7A5FF013095
:10D280002BD023682B4423600EE02268521B1ED44F
:10D290000B2A16D96119A342256018BF596063682B
:10D2A00008BF316062514B60384604F10B0600F054
:10D2B00005FA26F00706231DF21AB6D09B1BA350D1
:10D2C000B3E76268A3420CBF32605A60ECE72346C2
:10D2D0006468B2E734467668B9E70C233B603846A9
:10D2E00000F0ECF9A1E72560DEE700BFDC0F0020CD
:10D2F0002DE9F0478E689E4282460C4690461F46B6
:10D3000038D88A8912F4906F32D025680969A5EB64
:10D310000109656905EB450505EBD57501334B44FE
:10D320006D109D4238BF1D46530531D52946FFF784
:10D330006BFF064650B90C23CAF80030A38943F0AE
:10D340004003A3814FF0FF30BDE8F08721694A46D2
:10D35000FCF7AAFAA38923F4906343F08003A38126
:10D36000266165614E44A5EB09052660A5603E4631
:10D37000BE4200D93E4620683246414600F07EF962
:10D38000A3689B1BA3602368334423600020DBE772
:10D390002A4600F099F906460028E1D12169504655
:10D3A000FFF7C6FEC7E700002DE9F04F98468B89CE
:10D3B0001B069DB007460D4614460ED50B6963B992
:10D3C0004021FFF721FF2860286120B90C233B6032
:10D3D0004FF0FF30D1E040236B61002309932023FD
:10D3E0008DF82930CDF80C803023DFF8A8818DF836
:10D3F0002A304FF0010923469A4613F8012B0AB14F
:10D40000252AF9D1BAEB040B0BD05B4622462946FC
:10D410003846FFF76DFF013000F0AA80099A5A44A0
:10D4200009929AF80030002B00F0A28000234FF000
:10D43000FF32CDE905230AF1010A049307938DF821
:10D4400053301A935446052214F8011B5148F2F741
:10D45000C7FE049AD8B9D00644BF20238DF85330B4
:10D46000110744BF2B238DF853309AF800302A2B34
:10D4700015D0079A544600204FF00A0C214611F8A7
:10D48000013B303B092B4ED9B0B1079214E0A0EB21
:10D49000080309FA03F313430493A246D2E7039B5C
:10D4A000191D1B680391002BBBBF5B4242F00202B7
:10D4B00007930793B8BF049223782E2B0CD163787F
:10D4C0002A2B35D1039B1A1D1B680392002BB8BF72
:10D4D0004FF0FF3302340593DFF8C8A02178032210
:10D4E0005046F2F77DFE40B14023A0EB0A0003FA5C
:10D4F00000F0049B03430134049314F8011B2648F5
:10D500008DF828100622F2F76BFE002838D0234B46
:10D510001BBB039B073323F0070308330393099BCB
:10D520003344099367E70CFB02320C460120A5E760
:10D5300000230134059319464FF00A0C204610F8D9
:10D54000012B303A092A03D9002BC5D00591C3E736
:10D550000CFB012104460123F0E703AB00932A46AC
:10D560000F4B04A93846FCF755FA421C0646D6D1A3
:10D57000AB895B063FF52CAF09981DB0BDE8F08F75
:10D5800003AB00932A46064B04A93846FCF7E6FC99
:10D59000EBE700BF0CEB000816EB0008159A00083B
:10D5A000F1D2000812EB00089FED010B704700BF9D
:10D5B000000000000000F87F38B5064D0023044647
:10D5C00008462B60F5F79AFF431C02D12B6803B184
:10D5D000236038BDE40F002010B57AB1034601394D
:10D5E000841813F8010B11F8012F904201D1A342C6
:10D5F00001D1801A10BD0028F3D1FAE71046F9E7EF
:10D6000049B1FF2A85BF8A2303600A704FF0FF30BB
:10D6100098BF012070470846704700001FB51446A8
:10D620001A46094B1B680546D8684CB1074B009158
:10D63000CDE9013406492B4600F00EF800F08CFAD3
:10D64000044B1C46F3E700BF180100201DEB000847
:10D650002AEB000858EB00080EB403B5014603ABF3
:10D66000054853F8042B0068019300F085F802B0D8
:10D670005DF804EB03B0704718010020884210B534
:10D6800001EB020402D98442234607D8431EA1427B
:10D6900008D011F8012B03F8012FF8E702440146E6
:10D6A0008A4200D110BD13F8014D02F8014DF7E791
:10D6B000014800F011BC00BFE80F0020014800F055
:10D6C0000CBC00BFE80F00202DE9F0418046144655
:10D6D0000E4621B9BDE8F0411146FFF795BD2AB9C4
:10D6E000FFF726FD25462846BDE8F08100F05CFCEA
:10D6F0008442074602D8B4EB500F12D82146404668
:10D70000FFF782FD05460028EDD0BC422246314697
:10D7100028BF3A46FCF7C8F831464046FFF708FDF7
:10D72000E1E73546DFE79368013B002B10B49360D7
:10D7300008DA9469A34201DB0A2903D15DF8044B9E
:10D7400000F04AB91368581C1060197008465DF85B
:10D75000044B7047F8B506460F461446D518AC4240
:10D7600001D1002007E014F8011B3A463046FFF7CC
:10D77000DAFF431CF3D1F8BD2DE9F04F0D469DB003
:10D7800014469846064618B183690BB900F006FBAB
:10D79000894B9D421BD175686B6ED90705D4AB8947
:10D7A0009A0502D4A86D00F097FBAB891B0701D541
:10D7B0002B69EBB92946304600F060F9C0B16B6EB9
:10D7C000DC070ED54FF0FF301DB0BDE8F08F7B4B6E
:10D7D0009D4201D1B568DFE7794B9D4208BFF568EE
:10D7E000DAE7AB899805EDD4A86D00F076FBE9E7A0
:10D7F0000023099320238DF82930CDF80C803023A5
:10D80000DFF8C0818DF82A304FF0010923469A468F
:10D8100013F8012B0AB1252AF9D1BAEB040B0BD06E
:10D820005B46224629463046FFF794FF013000F060
:10D83000AA80099A5A4409929AF80030002B00F005
:10D84000A28000234FF0FF32CDE905230AF1010A3F
:10D85000049307938DF853301A935446052214F815
:10D86000011B5848F2F7BCFC049AD8B9D10644BF52
:10D8700020238DF85330130744BF2B238DF85330EA
:10D880009AF800302A2B15D0079A544600204FF002
:10D890000A0C214611F8013B303B092B4ED9B0B19F
:10D8A000079214E0A0EB080309FA03F3134304936F
:10D8B000A246D2E7039B191D1B680391002BBBBF37
:10D8C0005B4242F0020207930793B8BF04922378A9
:10D8D0002E2B0CD163782A2B35D1039B1A1D1B6884
:10D8E0000392002BB8BF4FF0FF3302340593DFF8EB
:10D8F000E4A0217803225046F2F772FC40B14023A5
:10D90000A0EB0A0003FA00F0049B034301340493E4
:10D9100014F8011B2C488DF828100622F2F760FC41
:10D9200000283FD0294B1BBB039B073323F0070381
:10D9300008330393099B3B44099367E70CFB0232CE
:10D940000C460120A5E700230134059319464FF04A
:10D950000A0C204610F8012B303A092A03D9002B73
:10D96000C5D00591C3E70CFB012104460123F0E774
:10D9700003AB00932A46164B04A93046FCF74AF83D
:10D980000746781CD6D16B6ED90705D4AB899A05AA
:10D9900002D4A86D00F0A1FAAB895B063FF512AF87
:10D9A000099811E703AB00932A46094B04A93046B6
:10D9B000FCF7D4FAE4E700BF7CEB00089CEB00081E
:10D9C0005CEB00080CEB000816EB0008159A000849
:10D9D00055D7000812EB0008F8B50E461446054668
:10D9E00018B183690BB900F0D9F9214B9C422BD1B6
:10D9F0006C68A369A360A3891A072FD523696BB349
:10DA000023692068C01A6369F6B28342374604DC92
:10DA10002146284600F02EF930BBA368013BA360E5
:10DA200023685A1C22601E7063690130834204D04F
:10DA3000A389DB0706D50A2E04D12146284600F02B
:10DA400019F988B93846F8BD0A4B9C4201D1AC6837
:10DA5000CFE7094B9C4208BFEC68CAE7214628463D
:10DA600000F00CF80028CBD04FF0FF37EAE700BFFA
:10DA70007CEB00089CEB00085CEB0008324B70B5B7
:10DA80001D6806460C4625B1AB6913B9284600F05F
:10DA900085F92E4B9C420FD16C68A389B4F90C20F8
:10DAA00019072CD4DD0611D40923336042F040035A
:10DAB000A3814FF0FF303EE0254B9C4201D1AC6882
:10DAC000EBE7244B9C4208BFEC68E6E7580712D509
:10DAD000616B41B104F14403994202D03046FFF733
:10DAE00027FB00236363A38923F02403A38100237E
:10DAF000636023692360A38943F00803A38123693A
:10DB00004BB9A38903F42073B3F5007F03D02146FA
:10DB1000304600F009FAA089B4F90C2010F0010396
:10DB20000AD00023A36063695B42A361236943B900
:10DB300010F08000BAD170BD810758BF6369A3603F
:10DB4000F4E70020F7E700BF180100207CEB000895
:10DB50009CEB00085CEB000808B5062000F054FAC6
:10DB60000120F5F753FC00008A892DE9F0410546B4
:10DB700010070C4658D44B68002B05DC0B6C002BAF
:10DB800002DC0020BDE8F081E66A002EF9D0002317
:10DB900012F480522F682B6032D0606DA3895A072F
:10DBA00005D56368C01A636B0BB1236CC01A0023E0
:10DBB0000246E66A216A2846B047431CA38906D17B
:10DBC00029681D292CD82A4ACA40D60728D5002200
:10DBD0006260D9042269226004D5421C01D12B68FD
:10DBE00003B96065616B2F600029CAD004F144035A
:10DBF000994202D02846FFF79BFA00206063C1E7F4
:10DC0000216A01232846B047411CC7D12B68002B4D
:10DC1000C4D01D2B01D0162B01D12F60B1E7A389F1
:10DC200043F04003A381ADE70F69002FA9D093070C
:10DC30000E6808BF4B690F6018BF0023A6EB0708EA
:10DC40008B60B8F1000F9CDD216AA66A43463A4614
:10DC50002846B047002806DCA38943F04003A3818F
:10DC60004FF0FF308EE70744A8EB0008E9E700BF5C
:10DC70000100402038B50B6905460C4613B9002554
:10DC8000284638BD18B183690BB900F087F8144BEA
:10DC90009C421BD16C68B4F90C30002BEFD0626E43
:10DCA000D00704D4990502D4A06D00F015F92846D8
:10DCB0002146FFF759FF636EDA070546E0D4A389D2
:10DCC0009B05DDD4A06D00F008F9D9E7054B9C4217
:10DCD00001D1AC68DFE7044B9C4208BFEC68DAE78F
:10DCE0007CEB00089CEB00085CEB0008002310B5FF
:10DCF0000446C0E90033C0E9043383608181436690
:10DD0000C2818361194608225C30FBF7DBFD054BBD
:10DD10006362054BA362054BE362054B24622363F8
:10DD200010BD00BF41E0000863E000089BE0000870
:10DD3000BFE00008014900F0AFB800BF75DC000883
:10DD400070B568224D1E55430E4605F17401FFF76C
:10DD50005BFA044640B10021C0E900160C30A06017
:10DD600005F16802FBF7AEFD204670BD014800F0EA
:10DD7000B3B800BFE90F0020014800F0AEB800BF03
:10DD8000E90F0020014800F0A7B800BFEA0F00200B
:10DD9000014800F0A2B800BFEA0F002010B5044609
:10DDA000FFF7F0FFA3691BB1BDE81040FFF7F0BF1C
:10DDB000C4E912332365134B134A1B68A262A342C2
:10DDC00004BF0123A361204600F020F860602046D4
:10DDD00000F01CF8A060204600F018F80022E06077
:10DDE00004216068FFF782FFA06801220921FFF784
:10DDF0007DFFE06802221221FFF778FF0123A36173
:10DE0000D2E700BF18E7000835DD0008F8B507467F
:10DE1000FFF7ACFF1E4B1E68B36913B93046FFF71E
:10DE2000BDFF4836D6E90134013B03D533680BB357
:10DE30003668F7E7B4F90C50D5B9164BE36004F136
:10DE40005800656600F047F8FFF796FFC4E90155F2
:10DE5000C4E904552560A5610822294604F15C0047
:10DE6000FBF730FDC4E90D55C4E912552046F8BD55
:10DE70006834D9E704213846FFF762FF0446306072
:10DE80000028D5D1FFF778FF0C233B60EEE700BFF9
:10DE900018E700080100FFFF2DE9F8430646884611
:10DEA00000F148040027D4E90195B9F1010905D52D
:10DEB0002468002CF7D13846BDE8F883AB89012BE4
:10DEC00007D9B5F90E30013303D029463046C04793
:10DED00007436835E9E770477047704770B50E46ED
:10DEE000B1F90E10002996B014461D4608DAB6F9AD
:10DEF0000C3000222A601A0610D44FF480630EE022
:10DF00006A4600F003F90028F1DB019A02F470423E
:10DF1000A2F500535A425A412A60EEE740230020FE
:10DF2000236016B070BD00008B8973B59D0706464F
:10DF30000C4607D504F14703236023610123636185
:10DF400002B070BD01AB6A46FFF7C8FF00990546F5
:10DF50003046FFF759F948B9B4F90C309A05EFD4B7
:10DF600023F0030343F00203A381E3E70D4BB36205
:10DF7000A389206043F08003A381009B6361019B20
:10DF800020615BB1B4F90E10304600F0D1F828B131
:10DF9000A38923F0030343F00103A381A089054370
:10DFA000A581CDE735DD000851F8043C181F002B92
:10DFB000BCBF0B58C01870471F2938B504460D4622
:10DFC00004D9162303604FF0FF3038BD426C12B104
:10DFD00052F821304BB9204600F030F82A4601466D
:10DFE0002046BDE8384000F017B8012B0AD0591C74
:10DFF00003D1162303600120E7E7002442F82540FF
:10E00000284698470020E0E7024B01461868FFF7D2
:10E01000D3BF00BF1801002038B5074D00230446C8
:10E02000084611462B60F5F7E1F9431C02D12B6835
:10E0300003B1236038BD00BFE40F0020F5F7CEB96F
:10E0400010B50C46B1F90E1000F094F80028ABBFE3
:10E05000636DA3891B1823F48053ACBF6365A38150
:10E0600010BD2DE9F0411F468B89DB0505460C46A6
:10E07000164605D5B1F90E100223002200F068F80B
:10E08000A389B4F90E1023F48053A38132463B4692
:10E090002846BDE8F04100F017B810B50C46B1F9BC
:10E0A0000E1000F055F8431CA38915BF606523F4DA
:10E0B000805343F48053A38118BFA38110BDB1F9ED
:10E0C0000E1000F013B8000038B5074D044608469E
:10E0D000114600222A601A46F5F7BFF9431C02D107
:10E0E0002B6803B1236038BDE40F002038B5064D1E
:10E0F0000023044608462B60F5F7CBF9431C02D1F8
:10E100002B6803B1236038BDE40F002038B5074DFC
:10E1100000230446084611462B60F5F7C6F9431C58
:10E1200002D12B6803B1236038BD00BFE40F00208B
:10E1300038B5064D0023044608462B60F5F7C5F9AF
:10E14000431C02D12B6803B1236038BDE40F0020CB
:10E1500038B5074D04460846114600222A601A4683
:10E16000F5F7BEF9431C02D12B6803B1236038BD1B
:10E17000E40F002038B5074D04460846114600223A
:10E180002A601A46F5F74CF9431C02D12B6803B1FB
:10E19000236038BDE40F002000F002B8000000004A
:10E1A0002DE9F84357EC116B7342DFF884E127F057
:10E1B0000042334342EAD373734551EC100B11EE26
:10E1C000108A0AD8444221F00043044343EAD4743D
:10E1D000744510EE109A8C4607D932463B46F2F74A
:10E1E00055F841EC100BBDE8F88307F1404404F505
:10E1F0008014344303D1BDE8F84300F09DB8BC1748
:10E2000004F0020453EA090944EAD17407D1022C4C
:10E2100060D0032CE5D142A1D1E90001E1E752EA47
:10E22000080806D1BCF1000F5FDA3FA1D1E9000177
:10E23000D7E772450FD1934204F1FF3407D1022C86
:10E240004CD8354B03EBC404D4E90001C9E7022CD8
:10E2500048D8324BF6E77345E4D09B1AB3F1747F8C
:10E260004FEA23521EDA002F01DA3C321EDB32461F
:10E270003B46F2F7EBFA41EC100B00F0FDF900F031
:10E280005BF851EC100B012C13D0022C15D0002C94
:10E29000A7D019A3D3E90023F1F7F6FF18A3D3E918
:10E2A000002314E018A1D1E90001ECE700200021CF
:10E2B000E9E701F10043194693E70FA3D3E90023EF
:10E2C000F1F7E2FF02460B460DA1D1E90001F1F79B
:10E2D000DBFF86E70AA1D1E9000182E70CA1D1E9C1
:10E2E00000017EE7002000217BE707A1D1E90001C2
:10E2F00077E700BFAFF30080075C143326A6A13C8C
:10E30000182D4454FB210940182D4454FB21F93F9A
:10E31000182D4454FB21E93FC0EB0008D8EB00085E
:10E32000182D4454FB2109C0182D4454FB21F9BF7A
:10E330000000F07F000000002DE9F84F55EC104B75
:10E34000C34B25F000469E42AB4618DDC14B9E42B2
:10E3500001DC09D144B122462B4620462946F1F77B
:10E3600095FF04460D4606E0BBF1000F00F3318136
:10E370009BA5D5E9004545EC104BBDE8F88FB64BA1
:10E380009E4214DCA3F1DE739E420DDC96A3D3E91A
:10E39000002310EE100A2946F1F778FFAF4B002258
:10E3A000F2F7BAFB0028E6D14FF0FF3A2BE000F07D
:10E3B00063F9AB4B9E4255EC104B00F3BF80A3F5C5
:10E3C00050239E4200F3A08010EE102A10EE100A97
:10E3D0002B462946F1F75AFFA04B0022F1F754FFD4
:10E3E000002206460F464FF0804320462946F1F7AB
:10E3F0004DFF02460B4630463946F2F727FA4FF0FA
:10E40000000A04460D4622462B4620462946F2F7CE
:10E41000F3F802460B4680468946F2F7EDF874A3FE
:10E42000D3E9002306460F46F2F7E6F872A3D3E9D4
:10E430000023F1F72BFF32463B46F2F7DDF870A3DD
:10E44000D3E90023F1F722FF32463B46F2F7D4F836
:10E450006DA3D3E90023F1F719FF32463B46F2F7EB
:10E46000CBF86BA3D3E90023F1F710FF32463B460C
:10E47000F2F7C2F868A3D3E90023F1F707FF424699
:10E480004B46F2F7B9F866A3D3E9002380468946E4
:10E4900030463946F2F7B0F863A3D3E90023F1F729
:10E4A000F3FE32463B46F2F7A7F861A3D3E9002317
:10E4B000F1F7EAFE32463B46F2F79EF85EA3D3E957
:10E4C0000023F1F7E1FE32463B46F2F795F85CA3F4
:10E4D000D3E90023F1F7D8FE32463B46F2F78CF839
:10E4E00002460B4640464946F1F7D0FE22462B46EF
:10E4F000F2F782F8BAF1FF3F02460B464BD12046B5
:10E500002946F1F7C1FE2CE710EE100A534B00220A
:10E510002946F1F7B9FE514B06460F460022204628
:10E520002946F1F7B3FE02460B4630463946F2F76C
:10E530008DF94FF0010A04460D4664E7494B9E42AF
:10E540001DDA10EE100A484B00222946F1F79CFE16
:10E55000454B06460F46002220462946F2F74CF866
:10E560003E4B0022F1F792FE02460B4630463946FA
:10E57000F2F76CF94FF0020A04460D4643E72B46CA
:10E5800010EE102A39490020F2F760F94FF0030A23
:10E5900004460D4637E7364B364E06EBCA0603EB0C
:10E5A000CA0ADAE90023F1F76FFE22462B46F1F79B
:10E5B0006BFE02460B46D6E90001F1F765FEBBF1A2
:10E5C000000F04460D46BFF6D6AE01F100431D46CE
:10E5D000D1E61DA5D5E90045CDE600BFAFF300802B
:10E5E000182D4454FB21F9BF9C7500883CE4377E0C
:10E5F00011DA22E33AAD903FEB0D76244B7BA93F35
:10E60000513DD0A0660DB13F6E204CC5CD45B73F02
:10E61000FF8300922449C23F0D5555555555D53FAE
:10E620002F6C6A2C44B4A2BF9AFDDE522DDEAD3FA2
:10E630006D9A74AFF2B0B33F711623FEC671BC3F42
:10E64000C4EB98999999C93F182D4454FB21F93F7F
:10E65000FFFF0F440000F07FFFFFDB3F0000F03FB3
:10E66000FFFFF23F008003400000F83F0000F0BFD2
:10E6700010EC0008F0EB000851EC100B10EE102A23
:10E6800021F0004343EC102B70470000F8B500BFA9
:10E69000F8BC08BC9E467047F8B500BFF8BC08BC83
:04E6A0009E467047DB
:10E6A800FFFE0000FFF1FF0EFFFE0000FFF2FF0D6E
:10E6B800FFFE0000FFF3FF0C000C024010000000FA
:10E6C800000C024008000000C00E002000000000FE
:10E6D800E8030000000C024002000000000C0240A9
:10E6E80001000000C00E002004000000E803000044
:10E6F8000000024200003443000000000000000057
:10E7080001020304060708090000000001020304CF
:10E718001C010020494E4600696E66004E414E00BD
:10E728006E616E0030003031323334353637383967
:10E738004142434445460030313233343536373868
:10E74800396162636465660065256C6400000000D9
:10E7580035000000CEFBFFFFCB03000001000000E6
:10E768000000000034000000CEFBFFFFCB030000D8
:10E778000100000000000000BC89D897B2D29C3C80
:10E7880033A7A8D523F649393DA7F444FD0FA53290
:10E798009D978CCF08BA5B25436FAC642806681137
:10E7A8000020202020202020202028282828282059
:10E7B8002020202020202020202020202020202051
:10E7C80020881010101010101010101010101010B9
:10E7D80010040404040404040404041010101010A9
:10E7E8001010414141414141010101010101010173
:10E7F80001010101010101010101010110101010C5
:10E808001010424242424242020202020202020244
:10E818000202020202020202020202021010101098
:10E8280020000000000000000000000000000000C0
:10E8380000000000000000000000000000000000D0
:10E8480000000000000000000000000000000000C0
:10E8580000000000000000000000000000000000B0
:10E8680000000000000000000000000000000000A0
:10E878000000000000000000000000000000000090
:10E888000000000000000000000000000000000080
:10E898000000000000000000000000000000000070
:10E8A80000496E66696E697479004E614E00524582
:10E8B800454E54206D616C6C6F632073756363659E
:10E8C80065646564002F6275696C642F676E752DC9
:10E8D800746F6F6C732D666F722D73746D33325F46
:10E8E80031302E332D323032312E31302E3230321B
:10E8F80031313130352D313130302F7372632F6E15
:10E9080065776C69622F6E65776C69622F6C6962D6
:10E91800632F7374646C69622F64746F612E630073
:10E9280042616C6C6F6320737563636565646564CD
:10E93800002F6275696C642F676E752D746F6F6C2C
:10E94800732D666F722D73746D33325F31302E33D1
:10E958002D323032312E31302E32303231313130A9
:10E96800352D313130302F7372632F6E65776C69B6
:10E97800622F6E65776C69622F6C6962632F73749E
:10E98800646C69622F6764746F612D67657468656C
:10E99800782E63002E0000009CE9000858EB000860
:10E9A8007C0100204300504F534958002F6275697D
:10E9B8006C642F676E752D746F6F6C732D666F7234
:10E9C8002D73746D33325F31302E332D3230323146
:10E9D8002E31302E32303231313130352D31313027
:10E9E800302F7372632F6E65776C69622F6E65774F
:10E9F8006C69622F6C6962632F7374646C69622F2F
:10EA08006D707265632E63000080E03779C34143FF
:10EA1800176E05B5B5B89346F5F93FE9034F384D7C
:10EA2800321D30F94877825A3CBF737FDD4F157528
:10EA3800000000000000F03F00000000000024403B
:10EA480000000000000059400000000000408F4016
:10EA5800000000000088C34000000000006AF84081
:10EA68000000000080842E4100000000D0126341A5
:10EA78000000000084D797410000000065CDCD411B
:10EA8800000000205FA00242000000E876483742FC
:10EA9800000000A2941A6D42000040E59C30A2429A
:10EAA8000000901EC4BCD64200003426F56B0C430F
:10EAB8000080E03779C3414300A0D88557347643B6
:10EAC80000C84E676DC1AB43003D9160E458E14317
:10EAD800408CB5781DAF154450EFE2D6E41A4B448C
:10EAE80092D54D06CFF08044F64AE1C7022DB544D1
:10EAF800B49DD9794378EA44050000001900000064
:10EB08007D000000232D302B2000686C4C006566CA
:10EB180067454647002C2066756E6374696F6E3AC8
:10EB28002000617373657274696F6E2022257322E9
:10EB3800206661696C65643A2066696C65202225E7
:10EB480073222C206C696E65202564257325730A51
:10EB580000000000000000000000000000000000AD
:10EB6800000000000000000000000000000000009D
:10EB7800000000000000000000000000000000008D
:10EB8800000000000000000000000000000000007D
:10EB9800000000000000000000000000000000006D
:10EBA800000000000000000000000000000000005D
:10EBB8000000000000000000182D4454FB21E9BFAC
:10EBC800D221337F7CD90240D221337F7CD902C045
:10EBD8000000000000000080182D4454FB2109406B
:10EBE800182D4454FB2109C04FBB610567ACDD3FBC
:10EBF800182D4454FB21E93F9BF681D20B73EF3F5C
:10EC0800182D4454FB21F93FE2652F227F2B7A3CD3
:10EC1800075C143326A6813CBDCBF07A8807703C8C
:08EC2800075C143326A6913CA1
:08EC3000F420FF7F0100000049
:04EC3800B50100081A
:04EC3C00910100083A
:10EC4000E80D002040BF000048E1FA3D0000000050
:10EC5000A00D002040BF000048E1FA3D0000000088
:10EC6000000C024010000000000C024008000000F0
:10EC7000C00E002000000000E8030000000C02406D
:10EC800002000000000C024001000000C00E002045
:10EC900004000000E80300000000024200003443CA
:10ECA0000000000000000000D4050020000000006B
:10ECB0000000000000000000000000000000000054
:10ECC0000000000000000000000000000000000044
:10ECD0000000000000000000000000000000000034
:10ECE0000000000000000000000000000000000024
:10ECF0000000000000000000000000000000000014
:10ED00000000000000000000000000000000000003
:10ED100000000000000000000000000000000000F3
:10ED200000000000000000000000000000000000E3
:10ED300000000000000000000000000000000000D3
:10ED40000000000000000000000000000024F400AB
:10ED500010000000010000001C0100200000000065
:10ED60007CEB00089CEB00085CEB00080000000056
:10ED70000000000000000000000000000000000093
:10ED80000000000000000000000000000000000083
:10ED90000000000000000000000000000000000073
:10EDA0000000000000000000000000000000000063
:10EDB000000000000000000000000000FF00000054
:10EDC0004300000000000000000000000000000000
:10EDD0000000000000000000000000000000000033
:10EDE00043000000000000000000000000000000E0
:10EDF0000000000000000000000000000000000013
:10EE000043000000000000000000000000000000BF
:10EE100000000000000000000000000000000000F2
:10EE2000430000000000000000000000000000009F
:10EE300000000000000000000000000000000000D2
:10EE4000430000000000000000000000000000007F
:10EE500000000000000000000000000000000000B2
:10EE6000430000000000000000000000000000005F
:10EE70000000000000000000000000000000000092
:10EE8000430000000000000000000000000000003F
:10EE90000000000000000000000000000000000072
:10EEA00001D600085DC7000800000000A8E70008C0
:10EEB0009CE9000858EB000858EB000858EB0008E4
:10EEC00058EB000858EB000858EB000858EB000816
:10EED00058EB000858EB0008FFFFFFFFFFFFFFFFA4
:10EEE000FFFFFFFFFFFF00000100415343494900BE
:10EEF0000000000000000000000000000000000012
:10EF00000000000000000000000041534349490098
:10EF100000000000000000000000000000000000F1
:0CEF2000000000000000000000000000E5
:040000050800402D82
:00000001FF
